Employee_ID,Attendance_Rate,Synthetic
EMP-1,0.995,True
EMP-2,0.938,True
EMP-4,0.926,True
EMP-5,0.823,True
EMP-7,0.856,True
EMP-8,0.825,True
EMP-10,0.88,True
EMP-11,0.882,True
EMP-12,0.915,True
EMP-13,0.944,True
EMP-14,0.852,True
EMP-15,0.928,True
EMP-16,0.985,True
EMP-18,0.853,True
EMP-19,0.939,True
EMP-20,0.828,True
EMP-21,0.916,True
EMP-22,0.953,True
EMP-23,0.826,True
EMP-24,0.88,True
EMP-26,0.978,True
EMP-27,0.861,True
EMP-28,0.95,True
EMP-30,0.93,True
EMP-31,0.849,True
EMP-32,0.954,True
EMP-33,0.916,True
EMP-35,0.84,True
EMP-36,0.991,True
EMP-38,0.909,True
EMP-39,0.954,True
EMP-40,0.859,True
EMP-41,0.845,True
EMP-42,0.953,True
EMP-45,0.941,True
EMP-46,0.869,True
EMP-47,0.954,True
EMP-49,0.911,True
EMP-51,0.883,True
EMP-52,0.962,True
EMP-53,0.931,True
EMP-54,0.911,True
EMP-55,0.959,True
EMP-56,0.918,True
EMP-57,0.989,True
EMP-58,0.967,True
EMP-60,0.884,True
EMP-61,0.904,True
EMP-62,0.992,True
EMP-63,0.981,True
EMP-64,0.854,True
EMP-65,0.869,True
EMP-68,0.886,True
EMP-70,0.978,True
EMP-72,0.987,True
EMP-73,0.964,True
EMP-74,0.87,True
EMP-75,0.98,True
EMP-76,0.826,True
EMP-77,0.896,True
EMP-78,0.888,True
EMP-79,0.916,True
EMP-80,0.921,True
EMP-81,0.861,True
EMP-83,0.857,True
EMP-84,0.965,True
EMP-85,0.834,True
EMP-86,0.909,True
EMP-88,0.854,True
EMP-90,0.878,True
EMP-91,0.87,True
EMP-94,0.948,True
EMP-95,0.902,True
EMP-96,0.874,True
EMP-97,0.97,True
EMP-98,0.835,True
EMP-100,0.958,True
EMP-101,0.865,True
EMP-102,0.985,True
EMP-103,0.821,True
EMP-104,0.92,True
EMP-105,0.932,True
EMP-106,0.924,True
EMP-107,0.967,True
EMP-110,0.84,True
EMP-112,0.895,True
EMP-113,0.975,True
EMP-116,0.98,True
EMP-117,0.91,True
EMP-118,0.92,True
EMP-119,0.958,True
EMP-120,0.96,True
EMP-121,0.98,True
EMP-124,0.972,True
EMP-125,0.895,True
EMP-126,0.937,True
EMP-128,0.907,True
EMP-129,0.841,True
EMP-131,0.968,True
EMP-132,0.928,True
EMP-133,0.83,True
EMP-134,0.942,True
EMP-137,0.871,True
EMP-138,0.832,True
EMP-139,0.929,True
EMP-140,0.952,True
EMP-141,0.913,True
EMP-142,0.821,True
EMP-143,0.924,True
EMP-144,0.821,True
EMP-145,0.987,True
EMP-147,0.868,True
EMP-148,0.977,True
EMP-150,0.822,True
EMP-151,0.837,True
EMP-152,0.901,True
EMP-153,0.957,True
EMP-154,0.99,True
EMP-155,0.914,True
EMP-158,0.884,True
EMP-159,0.828,True
EMP-160,0.925,True
EMP-161,0.888,True
EMP-162,0.984,True
EMP-163,0.906,True
EMP-164,0.958,True
EMP-165,0.973,True
EMP-167,0.838,True
EMP-169,0.899,True
EMP-170,0.981,True
EMP-171,0.896,True
EMP-174,0.922,True
EMP-175,0.977,True
EMP-176,0.862,True
EMP-177,0.981,True
EMP-178,0.891,True
EMP-179,0.927,True
EMP-182,0.879,True
EMP-183,0.915,True
EMP-184,0.829,True
EMP-190,0.832,True
EMP-192,0.895,True
EMP-193,0.88,True
EMP-194,0.931,True
EMP-195,0.827,True
EMP-197,0.85,True
EMP-198,0.858,True
EMP-199,0.899,True
EMP-200,0.864,True
EMP-201,0.845,True
EMP-202,0.928,True
EMP-204,0.954,True
EMP-205,0.943,True
EMP-206,0.87,True
EMP-207,0.974,True
EMP-208,0.93,True
EMP-211,0.931,True
EMP-214,0.858,True
EMP-215,0.864,True
EMP-216,0.905,True
EMP-217,0.863,True
EMP-218,0.944,True
EMP-221,0.876,True
EMP-223,0.847,True
EMP-224,0.847,True
EMP-226,0.843,True
EMP-227,0.899,True
EMP-228,0.821,True
EMP-230,0.918,True
EMP-231,0.874,True
EMP-233,0.919,True
EMP-235,0.988,True
EMP-238,0.976,True
EMP-239,0.924,True
EMP-240,0.895,True
EMP-241,0.946,True
EMP-242,0.986,True
EMP-243,0.908,True
EMP-244,0.838,True
EMP-245,0.958,True
EMP-246,0.822,True
EMP-247,0.958,True
EMP-248,0.835,True
EMP-249,0.839,True
EMP-250,0.961,True
EMP-252,0.944,True
EMP-253,0.921,True
EMP-254,0.968,True
EMP-256,0.973,True
EMP-258,0.902,True
EMP-259,0.999,True
EMP-260,0.884,True
EMP-261,0.851,True
EMP-262,0.972,True
EMP-264,0.895,True
EMP-267,0.977,True
EMP-269,0.831,True
EMP-270,0.84,True
EMP-271,0.827,True
EMP-273,0.928,True
EMP-274,0.97,True
EMP-275,0.892,True
EMP-277,0.836,True
EMP-281,0.887,True
EMP-282,0.883,True
EMP-283,0.936,True
EMP-284,0.937,True
EMP-286,0.839,True
EMP-287,0.896,True
EMP-288,0.936,True
EMP-291,0.867,True
EMP-292,0.893,True
EMP-293,0.93,True
EMP-296,0.893,True
EMP-297,0.826,True
EMP-298,0.86,True
EMP-299,0.96,True
EMP-300,0.865,True
EMP-302,0.967,True
EMP-303,0.904,True
EMP-304,0.905,True
EMP-305,0.959,True
EMP-306,0.889,True
EMP-307,0.863,True
EMP-308,0.839,True
EMP-309,0.941,True
EMP-311,0.905,True
EMP-312,0.966,True
EMP-314,0.902,True
EMP-315,0.895,True
EMP-316,0.874,True
EMP-319,0.856,True
EMP-321,0.969,True
EMP-323,0.837,True
EMP-325,0.982,True
EMP-327,0.825,True
EMP-328,0.914,True
EMP-329,0.83,True
EMP-330,0.96,True
EMP-331,0.858,True
EMP-332,0.922,True
EMP-333,0.985,True
EMP-334,0.937,True
EMP-335,0.852,True
EMP-336,0.963,True
EMP-337,0.899,True
EMP-338,0.822,True
EMP-339,0.908,True
EMP-340,0.966,True
EMP-341,0.897,True
EMP-342,0.957,True
EMP-343,0.947,True
EMP-346,0.902,True
EMP-347,0.878,True
EMP-349,0.951,True
EMP-350,0.886,True
EMP-351,0.851,True
EMP-352,0.878,True
EMP-353,0.978,True
EMP-355,0.871,True
EMP-359,0.862,True
EMP-361,0.844,True
EMP-362,0.83,True
EMP-363,0.996,True
EMP-364,0.917,True
EMP-366,0.951,True
EMP-367,0.959,True
EMP-369,0.883,True
EMP-372,0.964,True
EMP-373,0.993,True
EMP-374,0.954,True
EMP-376,0.948,True
EMP-377,0.898,True
EMP-378,0.971,True
EMP-379,0.836,True
EMP-380,0.955,True
EMP-381,0.885,True
EMP-382,0.922,True
EMP-384,0.981,True
EMP-385,0.929,True
EMP-386,0.825,True
EMP-387,0.95,True
EMP-388,0.987,True
EMP-389,0.936,True
EMP-390,0.975,True
EMP-391,0.969,True
EMP-392,0.975,True
EMP-393,0.882,True
EMP-394,0.905,True
EMP-395,0.973,True
EMP-396,0.984,True
EMP-397,0.846,True
EMP-399,0.853,True
EMP-401,0.882,True
EMP-403,0.959,True
EMP-404,0.977,True
EMP-405,0.924,True
EMP-406,0.84,True
EMP-407,0.875,True
EMP-408,0.974,True
EMP-410,0.883,True
EMP-411,0.839,True
EMP-412,0.874,True
EMP-416,0.965,True
EMP-417,0.909,True
EMP-419,0.851,True
EMP-420,0.876,True
EMP-421,0.992,True
EMP-422,0.898,True
EMP-423,0.899,True
EMP-424,0.848,True
EMP-425,0.875,True
EMP-426,0.967,True
EMP-428,0.962,True
EMP-429,0.898,True
EMP-430,0.981,True
EMP-431,0.888,True
EMP-433,0.976,True
EMP-434,0.826,True
EMP-436,0.883,True
EMP-437,0.974,True
EMP-438,0.982,True
EMP-439,0.956,True
EMP-440,0.941,True
EMP-441,0.967,True
EMP-442,0.947,True
EMP-444,0.866,True
EMP-445,0.904,True
EMP-446,0.939,True
EMP-447,0.926,True
EMP-448,0.979,True
EMP-449,0.905,True
EMP-450,0.852,True
EMP-451,0.859,True
EMP-452,0.972,True
EMP-453,0.822,True
EMP-454,0.976,True
EMP-455,0.83,True
EMP-456,0.89,True
EMP-458,0.964,True
EMP-460,0.893,True
EMP-461,0.968,True
EMP-462,0.838,True
EMP-463,0.912,True
EMP-464,0.925,True
EMP-465,0.98,True
EMP-466,0.837,True
EMP-467,0.881,True
EMP-468,0.939,True
EMP-469,0.996,True
EMP-470,0.973,True
EMP-471,0.972,True
EMP-473,0.913,True
EMP-474,0.922,True
EMP-475,0.975,True
EMP-476,0.977,True
EMP-477,0.964,True
EMP-478,0.967,True
EMP-479,0.978,True
EMP-481,0.84,True
EMP-482,0.873,True
EMP-483,0.996,True
EMP-484,0.918,True
EMP-485,0.852,True
EMP-486,0.911,True
EMP-487,0.936,True
EMP-488,0.969,True
EMP-491,0.966,True
EMP-492,0.829,True
EMP-493,0.902,True
EMP-494,0.824,True
EMP-495,0.98,True
EMP-496,0.851,True
EMP-497,0.932,True
EMP-498,0.923,True
EMP-499,0.933,True
EMP-500,0.921,True
EMP-501,0.949,True
EMP-502,0.933,True
EMP-505,0.836,True
EMP-507,0.886,True
EMP-508,0.918,True
EMP-510,0.879,True
EMP-511,0.957,True
EMP-513,0.877,True
EMP-514,0.969,True
EMP-515,0.846,True
EMP-516,0.958,True
EMP-517,0.853,True
EMP-518,0.915,True
EMP-520,0.878,True
EMP-521,0.935,True
EMP-522,0.858,True
EMP-523,0.963,True
EMP-524,0.923,True
EMP-525,0.992,True
EMP-526,0.948,True
EMP-527,0.929,True
EMP-529,0.969,True
EMP-530,0.86,True
EMP-531,0.934,True
EMP-532,0.89,True
EMP-533,0.954,True
EMP-534,0.824,True
EMP-536,0.897,True
EMP-538,0.937,True
EMP-543,0.903,True
EMP-544,0.863,True
EMP-546,0.904,True
EMP-547,0.973,True
EMP-548,0.857,True
EMP-549,0.886,True
EMP-550,0.998,True
EMP-551,0.984,True
EMP-554,0.826,True
EMP-555,0.915,True
EMP-556,0.832,True
EMP-558,0.986,True
EMP-560,0.899,True
EMP-562,0.895,True
EMP-564,0.869,True
EMP-565,0.922,True
EMP-566,0.846,True
EMP-567,0.964,True
EMP-568,0.908,True
EMP-569,0.922,True
EMP-571,0.971,True
EMP-573,0.853,True
EMP-574,0.852,True
EMP-575,0.896,True
EMP-577,0.962,True
EMP-578,0.831,True
EMP-579,0.963,True
EMP-580,0.91,True
EMP-581,0.921,True
EMP-582,0.922,True
EMP-584,0.83,True
EMP-585,0.865,True
EMP-586,0.956,True
EMP-587,0.894,True
EMP-590,0.921,True
EMP-591,0.99,True
EMP-592,0.828,True
EMP-593,0.901,True
EMP-595,0.885,True
EMP-597,0.839,True
EMP-599,0.991,True
EMP-600,0.993,True
EMP-601,0.876,True
EMP-602,0.99,True
EMP-604,0.826,True
EMP-605,0.997,True
EMP-606,0.97,True
EMP-608,0.859,True
EMP-611,0.928,True
EMP-612,0.964,True
EMP-613,0.877,True
EMP-614,0.884,True
EMP-615,0.933,True
EMP-616,0.846,True
EMP-618,0.841,True
EMP-620,0.865,True
EMP-621,0.953,True
EMP-622,0.886,True
EMP-623,0.911,True
EMP-624,0.855,True
EMP-625,0.855,True
EMP-626,0.937,True
EMP-630,0.84,True
EMP-631,0.94,True
EMP-632,0.892,True
EMP-634,0.941,True
EMP-635,0.889,True
EMP-638,0.972,True
EMP-639,0.83,True
EMP-641,0.981,True
EMP-643,0.868,True
EMP-644,0.828,True
EMP-645,0.921,True
EMP-647,0.86,True
EMP-648,0.903,True
EMP-649,0.964,True
EMP-650,0.962,True
EMP-652,0.928,True
EMP-653,0.996,True
EMP-655,0.903,True
EMP-656,0.827,True
EMP-657,0.967,True
EMP-659,0.86,True
EMP-661,0.852,True
EMP-662,0.833,True
EMP-663,0.879,True
EMP-664,0.879,True
EMP-665,0.874,True
EMP-666,0.927,True
EMP-667,0.955,True
EMP-669,0.989,True
EMP-671,0.837,True
EMP-675,0.847,True
EMP-677,0.926,True
EMP-679,0.838,True
EMP-680,0.887,True
EMP-682,0.932,True
EMP-683,0.96,True
EMP-684,0.859,True
EMP-686,0.94,True
EMP-689,0.936,True
EMP-690,0.975,True
EMP-691,0.876,True
EMP-692,0.955,True
EMP-698,0.955,True
EMP-699,0.863,True
EMP-700,0.932,True
EMP-701,0.942,True
EMP-702,0.869,True
EMP-704,0.901,True
EMP-705,0.898,True
EMP-707,0.959,True
EMP-709,0.82,True
EMP-710,0.91,True
EMP-712,0.853,True
EMP-714,0.936,True
EMP-715,0.942,True
EMP-716,0.91,True
EMP-717,0.918,True
EMP-720,0.877,True
EMP-721,0.876,True
EMP-722,0.954,True
EMP-723,0.844,True
EMP-724,0.959,True
EMP-725,0.938,True
EMP-727,0.979,True
EMP-728,0.867,True
EMP-729,0.911,True
EMP-730,0.827,True
EMP-731,0.984,True
EMP-732,0.942,True
EMP-733,0.932,True
EMP-734,0.952,True
EMP-738,0.871,True
EMP-741,0.929,True
EMP-742,0.964,True
EMP-743,0.836,True
EMP-744,0.993,True
EMP-746,0.981,True
EMP-747,0.993,True
EMP-749,0.966,True
EMP-752,0.873,True
EMP-754,0.925,True
EMP-757,0.842,True
EMP-758,0.956,True
EMP-760,0.848,True
EMP-762,0.976,True
EMP-763,0.863,True
EMP-764,0.849,True
EMP-766,0.833,True
EMP-769,0.948,True
EMP-771,0.854,True
EMP-772,0.856,True
EMP-773,0.851,True
EMP-775,0.875,True
EMP-776,0.989,True
EMP-780,0.908,True
EMP-781,0.867,True
EMP-783,0.851,True
EMP-784,0.823,True
EMP-785,0.886,True
EMP-786,0.84,True
EMP-787,0.825,True
EMP-789,0.839,True
EMP-791,0.877,True
EMP-792,0.955,True
EMP-793,0.832,True
EMP-796,0.942,True
EMP-797,0.932,True
EMP-799,0.979,True
EMP-800,0.853,True
EMP-802,0.963,True
EMP-803,0.976,True
EMP-804,0.996,True
EMP-805,0.966,True
EMP-806,0.842,True
EMP-807,0.99,True
EMP-808,0.967,True
EMP-809,0.858,True
EMP-811,0.85,True
EMP-812,0.989,True
EMP-813,0.848,True
EMP-815,0.96,True
EMP-816,0.893,True
EMP-817,0.95,True
EMP-819,0.837,True
EMP-820,0.951,True
EMP-823,0.912,True
EMP-824,0.982,True
EMP-825,0.854,True
EMP-826,0.84,True
EMP-827,0.855,True
EMP-828,0.834,True
EMP-829,0.996,True
EMP-830,0.842,True
EMP-832,0.856,True
EMP-833,0.966,True
EMP-834,0.864,True
EMP-836,0.86,True
EMP-837,0.941,True
EMP-838,0.892,True
EMP-840,0.97,True
EMP-842,0.935,True
EMP-843,0.872,True
EMP-844,0.928,True
EMP-845,0.976,True
EMP-846,0.886,True
EMP-847,0.953,True
EMP-848,0.895,True
EMP-850,0.918,True
EMP-851,0.952,True
EMP-852,0.831,True
EMP-854,0.902,True
EMP-855,0.837,True
EMP-856,0.951,True
EMP-857,0.929,True
EMP-859,0.879,True
EMP-861,0.834,True
EMP-862,0.987,True
EMP-864,0.877,True
EMP-865,0.87,True
EMP-867,0.838,True
EMP-868,0.924,True
EMP-869,0.868,True
EMP-872,0.972,True
EMP-874,0.943,True
EMP-875,0.821,True
EMP-878,0.922,True
EMP-879,0.862,True
EMP-880,0.823,True
EMP-881,0.931,True
EMP-882,0.857,True
EMP-885,0.982,True
EMP-887,0.923,True
EMP-888,0.858,True
EMP-889,0.996,True
EMP-893,0.918,True
EMP-894,0.85,True
EMP-895,0.913,True
EMP-896,0.993,True
EMP-897,0.896,True
EMP-899,0.897,True
EMP-900,0.903,True
EMP-901,0.87,True
EMP-902,0.849,True
EMP-903,0.924,True
EMP-904,0.981,True
EMP-905,0.952,True
EMP-909,0.837,True
EMP-910,0.892,True
EMP-911,0.821,True
EMP-912,0.875,True
EMP-913,0.94,True
EMP-916,0.872,True
EMP-918,0.971,True
EMP-920,0.906,True
EMP-922,0.94,True
EMP-923,0.979,True
EMP-924,0.943,True
EMP-925,0.982,True
EMP-926,0.965,True
EMP-927,0.922,True
EMP-930,0.874,True
EMP-932,0.874,True
EMP-933,0.978,True
EMP-934,0.83,True
EMP-936,0.989,True
EMP-939,0.879,True
EMP-940,0.953,True
EMP-941,0.879,True
EMP-942,0.992,True
EMP-944,0.827,True
EMP-945,0.884,True
EMP-947,0.976,True
EMP-949,0.869,True
EMP-950,0.87,True
EMP-951,0.982,True
EMP-952,0.97,True
EMP-954,0.839,True
EMP-956,0.924,True
EMP-957,0.86,True
EMP-958,0.859,True
EMP-959,0.931,True
EMP-960,0.842,True
EMP-961,0.905,True
EMP-964,0.866,True
EMP-966,0.974,True
EMP-967,0.92,True
EMP-969,0.859,True
EMP-970,0.987,True
EMP-972,0.968,True
EMP-974,0.868,True
EMP-975,0.993,True
EMP-976,0.868,True
EMP-977,0.873,True
EMP-981,0.889,True
EMP-982,0.85,True
EMP-983,0.944,True
EMP-984,0.92,True
EMP-985,0.981,True
EMP-986,0.863,True
EMP-987,0.851,True
EMP-990,0.885,True
EMP-991,0.846,True
EMP-992,0.99,True
EMP-994,0.949,True
EMP-995,0.963,True
EMP-996,0.955,True
EMP-997,0.864,True
EMP-998,0.845,True
EMP-999,0.897,True
EMP-1001,0.969,True
EMP-1002,0.879,True
EMP-1003,0.822,True
EMP-1004,0.939,True
EMP-1005,0.856,True
EMP-1006,0.918,True
EMP-1007,0.823,True
EMP-1009,0.912,True
EMP-1010,0.891,True
EMP-1011,0.978,True
EMP-1012,0.95,True
EMP-1013,0.826,True
EMP-1014,0.962,True
EMP-1015,0.962,True
EMP-1016,0.939,True
EMP-1017,0.987,True
EMP-1018,0.965,True
EMP-1019,0.859,True
EMP-1022,0.889,True
EMP-1024,0.883,True
EMP-1025,0.911,True
EMP-1026,0.992,True
EMP-1027,0.931,True
EMP-1028,0.876,True
EMP-1029,0.989,True
EMP-1030,0.946,True
EMP-1032,0.868,True
EMP-1033,0.983,True
EMP-1034,0.882,True
EMP-1035,0.913,True
EMP-1036,0.906,True
EMP-1037,0.986,True
EMP-1038,0.868,True
EMP-1039,0.88,True
EMP-1040,0.939,True
EMP-1042,0.98,True
EMP-1043,0.841,True
EMP-1044,0.858,True
EMP-1045,0.991,True
EMP-1046,0.96,True
EMP-1047,0.882,True
EMP-1048,0.884,True
EMP-1049,0.905,True
EMP-1050,0.941,True
EMP-1052,0.921,True
EMP-1053,0.96,True
EMP-1055,0.83,True
EMP-1056,0.967,True
EMP-1060,0.83,True
EMP-1061,0.979,True
EMP-1062,0.828,True
EMP-1066,0.843,True
EMP-1068,0.852,True
EMP-1069,0.86,True
EMP-1070,0.892,True
EMP-1071,0.938,True
EMP-1073,0.981,True
EMP-1074,0.914,True
EMP-1076,0.916,True
EMP-1077,0.877,True
EMP-1079,0.964,True
EMP-1080,0.84,True
EMP-1081,0.874,True
EMP-1082,0.837,True
EMP-1083,0.859,True
EMP-1084,0.926,True
EMP-1085,0.843,True
EMP-1088,0.838,True
EMP-1092,0.969,True
EMP-1094,0.841,True
EMP-1096,0.929,True
EMP-1097,0.883,True
EMP-1098,0.981,True
EMP-1099,0.947,True
EMP-1100,0.831,True
EMP-1101,0.981,True
EMP-1102,0.895,True
EMP-1103,0.874,True
EMP-1105,0.941,True
EMP-1106,0.949,True
EMP-1107,0.875,True
EMP-1108,0.883,True
EMP-1109,0.848,True
EMP-1111,0.927,True
EMP-1113,0.992,True
EMP-1114,0.895,True
EMP-1115,0.999,True
EMP-1116,0.852,True
EMP-1117,0.963,True
EMP-1118,0.987,True
EMP-1119,0.944,True
EMP-1120,0.84,True
EMP-1121,0.879,True
EMP-1124,0.835,True
EMP-1125,0.928,True
EMP-1126,1.0,True
EMP-1127,0.887,True
EMP-1128,0.849,True
EMP-1131,0.868,True
EMP-1132,0.923,True
EMP-1133,0.922,True
EMP-1135,0.861,True
EMP-1136,0.955,True
EMP-1137,0.836,True
EMP-1138,0.932,True
EMP-1140,0.897,True
EMP-1143,0.843,True
EMP-1148,0.934,True
EMP-1150,0.941,True
EMP-1152,0.899,True
EMP-1154,0.964,True
EMP-1156,0.912,True
EMP-1157,0.871,True
EMP-1158,0.992,True
EMP-1160,0.99,True
EMP-1161,0.837,True
EMP-1162,0.99,True
EMP-1163,0.96,True
EMP-1164,0.839,True
EMP-1165,0.913,True
EMP-1166,0.826,True
EMP-1167,0.926,True
EMP-1171,0.988,True
EMP-1172,0.886,True
EMP-1173,0.912,True
EMP-1175,0.861,True
EMP-1177,0.917,True
EMP-1179,0.964,True
EMP-1180,0.859,True
EMP-1182,0.92,True
EMP-1184,0.884,True
EMP-1185,0.955,True
EMP-1188,0.946,True
EMP-1190,0.946,True
EMP-1191,0.888,True
EMP-1192,0.928,True
EMP-1193,0.937,True
EMP-1195,0.943,True
EMP-1196,0.924,True
EMP-1198,0.976,True
EMP-1200,0.865,True
EMP-1201,0.83,True
EMP-1202,0.993,True
EMP-1203,0.831,True
EMP-1204,0.983,True
EMP-1206,0.93,True
EMP-1207,0.985,True
EMP-1210,0.922,True
EMP-1211,0.968,True
EMP-1212,0.95,True
EMP-1215,0.915,True
EMP-1216,0.885,True
EMP-1217,0.821,True
EMP-1218,0.865,True
EMP-1219,0.991,True
EMP-1220,0.87,True
EMP-1221,0.955,True
EMP-1224,0.912,True
EMP-1225,0.876,True
EMP-1226,0.998,True
EMP-1228,0.828,True
EMP-1231,0.925,True
EMP-1233,0.903,True
EMP-1234,0.834,True
EMP-1235,0.859,True
EMP-1237,0.945,True
EMP-1238,0.839,True
EMP-1239,0.964,True
EMP-1240,0.933,True
EMP-1241,0.838,True
EMP-1242,0.872,True
EMP-1243,0.845,True
EMP-1244,0.964,True
EMP-1245,0.916,True
EMP-1246,0.821,True
EMP-1248,0.918,True
EMP-1249,0.907,True
EMP-1250,0.936,True
EMP-1251,0.826,True
EMP-1252,0.826,True
EMP-1254,0.883,True
EMP-1255,0.944,True
EMP-1256,0.94,True
EMP-1257,0.87,True
EMP-1258,0.859,True
EMP-1259,0.943,True
EMP-1260,0.825,True
EMP-1263,0.92,True
EMP-1264,0.896,True
EMP-1265,0.863,True
EMP-1267,0.914,True
EMP-1268,0.859,True
EMP-1269,0.922,True
EMP-1270,0.847,True
EMP-1273,0.893,True
EMP-1275,0.912,True
EMP-1277,0.826,True
EMP-1278,0.93,True
EMP-1279,0.955,True
EMP-1280,0.992,True
EMP-1281,0.857,True
EMP-1282,0.858,True
EMP-1283,0.875,True
EMP-1285,0.98,True
EMP-1286,0.893,True
EMP-1288,0.874,True
EMP-1289,0.953,True
EMP-1291,0.827,True
EMP-1292,0.919,True
EMP-1293,0.901,True
EMP-1294,0.932,True
EMP-1295,0.952,True
EMP-1296,0.878,True
EMP-1297,0.935,True
EMP-1298,0.914,True
EMP-1299,0.844,True
EMP-1301,0.979,True
EMP-1303,0.956,True
EMP-1304,0.986,True
EMP-1306,0.95,True
EMP-1307,0.864,True
EMP-1308,0.897,True
EMP-1309,0.89,True
EMP-1310,0.826,True
EMP-1311,0.894,True
EMP-1312,0.882,True
EMP-1314,0.821,True
EMP-1315,0.972,True
EMP-1317,0.846,True
EMP-1318,0.91,True
EMP-1319,0.961,True
EMP-1321,0.929,True
EMP-1322,0.85,True
EMP-1324,0.931,True
EMP-1329,0.956,True
EMP-1331,0.974,True
EMP-1333,0.877,True
EMP-1334,0.826,True
EMP-1336,0.929,True
EMP-1338,0.861,True
EMP-1340,0.961,True
EMP-1344,0.942,True
EMP-1346,0.959,True
EMP-1349,0.994,True
EMP-1350,0.925,True
EMP-1352,0.983,True
EMP-1355,0.936,True
EMP-1356,0.853,True
EMP-1358,0.964,True
EMP-1360,0.945,True
EMP-1361,0.996,True
EMP-1362,0.864,True
EMP-1363,0.88,True
EMP-1364,0.968,True
EMP-1367,0.831,True
EMP-1368,0.934,True
EMP-1369,0.916,True
EMP-1371,0.85,True
EMP-1372,0.85,True
EMP-1373,0.966,True
EMP-1374,0.823,True
EMP-1375,0.954,True
EMP-1377,0.952,True
EMP-1379,0.937,True
EMP-1380,0.894,True
EMP-1382,0.825,True
EMP-1383,0.964,True
EMP-1387,0.843,True
EMP-1389,0.871,True
EMP-1390,0.99,True
EMP-1391,0.874,True
EMP-1392,0.866,True
EMP-1394,0.995,True
EMP-1395,0.835,True
EMP-1396,0.849,True
EMP-1397,0.899,True
EMP-1399,0.962,True
EMP-1401,0.979,True
EMP-1402,0.956,True
EMP-1403,0.996,True
EMP-1405,0.823,True
EMP-1407,0.932,True
EMP-1408,0.841,True
EMP-1409,0.984,True
EMP-1411,0.988,True
EMP-1412,0.875,True
EMP-1415,0.969,True
EMP-1417,0.933,True
EMP-1419,0.838,True
EMP-1420,0.928,True
EMP-1421,0.996,True
EMP-1422,0.875,True
EMP-1423,0.82,True
EMP-1424,0.996,True
EMP-1425,0.895,True
EMP-1427,0.898,True
EMP-1428,0.948,True
EMP-1430,0.929,True
EMP-1431,0.874,True
EMP-1433,0.838,True
EMP-1434,0.969,True
EMP-1435,0.907,True
EMP-1436,0.941,True
EMP-1438,0.975,True
EMP-1439,0.823,True
EMP-1440,0.975,True
EMP-1441,0.955,True
EMP-1443,0.99,True
EMP-1445,0.862,True
EMP-1446,0.878,True
EMP-1447,0.939,True
EMP-1448,0.987,True
EMP-1449,0.999,True
EMP-1453,0.895,True
EMP-1457,0.917,True
EMP-1458,0.851,True
EMP-1459,0.945,True
EMP-1460,0.971,True
EMP-1461,0.964,True
EMP-1464,0.882,True
EMP-1465,0.993,True
EMP-1466,0.842,True
EMP-1467,0.909,True
EMP-1468,0.92,True
EMP-1469,0.917,True
EMP-1471,0.956,True
EMP-1472,0.93,True
EMP-1473,0.834,True
EMP-1474,0.852,True
EMP-1475,0.916,True
EMP-1477,0.945,True
EMP-1478,0.913,True
EMP-1479,0.884,True
EMP-1480,0.829,True
EMP-1481,0.961,True
EMP-1482,0.909,True
EMP-1483,0.917,True
EMP-1484,0.904,True
EMP-1485,0.868,True
EMP-1486,0.87,True
EMP-1487,0.831,True
EMP-1489,0.947,True
EMP-1492,0.869,True
EMP-1494,0.874,True
EMP-1495,0.999,True
EMP-1496,0.889,True
EMP-1497,0.912,True
EMP-1499,0.89,True
EMP-1501,0.872,True
EMP-1502,0.821,True
EMP-1503,0.974,True
EMP-1504,0.905,True
EMP-1506,0.95,True
EMP-1507,0.993,True
EMP-1509,0.821,True
EMP-1513,0.942,True
EMP-1514,0.841,True
EMP-1515,0.902,True
EMP-1516,0.972,True
EMP-1520,0.833,True
EMP-1522,0.998,True
EMP-1523,0.925,True
EMP-1525,0.891,True
EMP-1527,0.824,True
EMP-1529,0.926,True
EMP-1533,0.909,True
EMP-1534,0.859,True
EMP-1535,0.908,True
EMP-1537,0.822,True
EMP-1539,1.0,True
EMP-1541,0.88,True
EMP-1542,0.906,True
EMP-1543,0.961,True
EMP-1544,0.948,True
EMP-1545,0.98,True
EMP-1546,0.989,True
EMP-1547,0.854,True
EMP-1548,0.89,True
EMP-1549,0.944,True
EMP-1550,0.828,True
EMP-1551,0.949,True
EMP-1552,0.821,True
EMP-1553,0.985,True
EMP-1554,0.949,True
EMP-1555,0.922,True
EMP-1556,0.897,True
EMP-1557,0.998,True
EMP-1558,0.953,True
EMP-1560,0.965,True
EMP-1562,0.969,True
EMP-1563,0.824,True
EMP-1564,0.83,True
EMP-1568,0.856,True
EMP-1569,0.938,True
EMP-1572,0.932,True
EMP-1573,0.879,True
EMP-1574,0.995,True
EMP-1576,0.837,True
EMP-1577,0.96,True
EMP-1578,0.907,True
EMP-1580,0.895,True
EMP-1581,0.825,True
EMP-1582,0.951,True
EMP-1583,0.959,True
EMP-1585,0.877,True
EMP-1586,0.913,True
EMP-1587,0.929,True
EMP-1588,0.886,True
EMP-1590,0.931,True
EMP-1591,0.898,True
EMP-1592,0.978,True
EMP-1594,0.949,True
EMP-1595,0.84,True
EMP-1596,0.964,True
EMP-1597,0.881,True
EMP-1598,0.988,True
EMP-1599,0.929,True
EMP-1601,0.825,True
EMP-1602,0.952,True
EMP-1604,0.844,True
EMP-1605,0.978,True
EMP-1606,0.991,True
EMP-1607,0.945,True
EMP-1608,0.916,True
EMP-1609,0.928,True
EMP-1611,0.897,True
EMP-1612,0.835,True
EMP-1613,0.987,True
EMP-1614,0.879,True
EMP-1615,0.876,True
EMP-1617,0.854,True
EMP-1618,0.999,True
EMP-1619,0.99,True
EMP-1621,0.883,True
EMP-1622,0.867,True
EMP-1623,0.965,True
EMP-1624,0.896,True
EMP-1625,0.994,True
EMP-1627,0.982,True
EMP-1628,0.957,True
EMP-1630,0.836,True
EMP-1631,0.946,True
EMP-1633,0.998,True
EMP-1635,0.887,True
EMP-1638,0.979,True
EMP-1639,0.893,True
EMP-1640,0.995,True
EMP-1641,0.938,True
EMP-1642,0.837,True
EMP-1644,0.906,True
EMP-1645,0.829,True
EMP-1646,0.891,True
EMP-1647,0.985,True
EMP-1648,0.862,True
EMP-1649,0.991,True
EMP-1650,0.838,True
EMP-1651,0.94,True
EMP-1653,0.994,True
EMP-1654,0.938,True
EMP-1655,0.982,True
EMP-1656,0.998,True
EMP-1657,0.936,True
EMP-1658,0.961,True
EMP-1659,0.826,True
EMP-1661,0.897,True
EMP-1662,0.872,True
EMP-1664,0.968,True
EMP-1665,0.942,True
EMP-1666,0.931,True
EMP-1667,0.988,True
EMP-1668,0.836,True
EMP-1669,0.992,True
EMP-1670,0.838,True
EMP-1671,0.882,True
EMP-1673,0.933,True
EMP-1674,0.881,True
EMP-1675,0.943,True
EMP-1676,0.96,True
EMP-1677,0.969,True
EMP-1678,0.852,True
EMP-1680,0.853,True
EMP-1681,0.829,True
EMP-1682,0.908,True
EMP-1683,0.845,True
EMP-1684,0.877,True
EMP-1687,0.971,True
EMP-1689,0.991,True
EMP-1691,0.968,True
EMP-1692,0.82,True
EMP-1693,0.922,True
EMP-1694,0.85,True
EMP-1696,0.888,True
EMP-1697,0.897,True
EMP-1698,0.99,True
EMP-1700,0.934,True
EMP-1701,0.868,True
EMP-1702,0.936,True
EMP-1703,0.991,True
EMP-1704,0.831,True
EMP-1706,0.967,True
EMP-1707,0.859,True
EMP-1708,0.848,True
EMP-1709,0.982,True
EMP-1710,0.82,True
EMP-1712,0.953,True
EMP-1714,0.836,True
EMP-1716,0.931,True
EMP-1718,0.932,True
EMP-1719,0.975,True
EMP-1720,0.968,True
EMP-1721,0.943,True
EMP-1722,0.888,True
EMP-1724,0.85,True
EMP-1725,0.934,True
EMP-1727,0.909,True
EMP-1728,0.834,True
EMP-1729,0.992,True
EMP-1731,0.877,True
EMP-1732,0.82,True
EMP-1733,0.982,True
EMP-1734,0.924,True
EMP-1735,0.952,True
EMP-1736,0.847,True
EMP-1737,0.893,True
EMP-1739,0.936,True
EMP-1740,0.865,True
EMP-1744,0.946,True
EMP-1745,0.862,True
EMP-1746,0.858,True
EMP-1747,0.822,True
EMP-1749,0.871,True
EMP-1751,0.864,True
EMP-1752,0.958,True
EMP-1753,0.923,True
EMP-1754,0.852,True
EMP-1755,0.922,True
EMP-1756,0.861,True
EMP-1757,0.897,True
EMP-1758,0.98,True
EMP-1760,0.949,True
EMP-1761,0.937,True
EMP-1762,0.871,True
EMP-1763,0.842,True
EMP-1764,0.956,True
EMP-1766,0.922,True
EMP-1767,0.932,True
EMP-1768,0.996,True
EMP-1770,0.883,True
EMP-1771,0.964,True
EMP-1772,0.921,True
EMP-1774,0.862,True
EMP-1775,0.83,True
EMP-1778,0.931,True
EMP-1779,0.874,True
EMP-1780,0.945,True
EMP-1782,0.946,True
EMP-1783,0.902,True
EMP-1784,0.917,True
EMP-1786,0.933,True
EMP-1787,0.904,True
EMP-1789,0.978,True
EMP-1790,0.834,True
EMP-1792,0.996,True
EMP-1794,0.826,True
EMP-1797,0.857,True
EMP-1798,0.947,True
EMP-1799,0.835,True
EMP-1800,0.867,True
EMP-1801,0.848,True
EMP-1802,0.95,True
EMP-1803,0.924,True
EMP-1804,0.832,True
EMP-1805,0.903,True
EMP-1807,0.858,True
EMP-1809,0.994,True
EMP-1812,0.839,True
EMP-1813,0.928,True
EMP-1814,0.907,True
EMP-1815,0.924,True
EMP-1816,0.992,True
EMP-1818,0.881,True
EMP-1821,0.955,True
EMP-1822,0.901,True
EMP-1823,0.939,True
EMP-1824,0.886,True
EMP-1826,0.861,True
EMP-1827,0.835,True
EMP-1829,0.838,True
EMP-1830,0.993,True
EMP-1833,0.962,True
EMP-1834,0.864,True
EMP-1835,0.915,True
EMP-1836,0.949,True
EMP-1837,0.883,True
EMP-1839,0.899,True
EMP-1842,0.949,True
EMP-1844,0.861,True
EMP-1845,0.915,True
EMP-1847,0.858,True
EMP-1849,0.821,True
EMP-1850,0.944,True
EMP-1852,0.947,True
EMP-1853,0.999,True
EMP-1854,0.853,True
EMP-1856,0.953,True
EMP-1857,0.991,True
EMP-1858,0.936,True
EMP-1859,0.993,True
EMP-1860,0.999,True
EMP-1862,0.964,True
EMP-1863,1.0,True
EMP-1864,0.933,True
EMP-1865,0.909,True
EMP-1866,0.985,True
EMP-1867,0.97,True
EMP-1868,0.84,True
EMP-1869,0.874,True
EMP-1870,0.867,True
EMP-1871,0.974,True
EMP-1873,0.862,True
EMP-1875,0.875,True
EMP-1876,0.913,True
EMP-1878,0.834,True
EMP-1880,0.993,True
EMP-1881,0.908,True
EMP-1882,0.854,True
EMP-1883,0.869,True
EMP-1885,0.964,True
EMP-1886,0.934,True
EMP-1888,0.904,True
EMP-1890,0.88,True
EMP-1892,0.982,True
EMP-1893,0.959,True
EMP-1898,0.949,True
EMP-1900,0.9,True
EMP-1903,0.997,True
EMP-1905,0.948,True
EMP-1907,0.896,True
EMP-1908,0.993,True
EMP-1909,0.981,True
EMP-1911,0.953,True
EMP-1912,0.958,True
EMP-1915,0.896,True
EMP-1916,0.911,True
EMP-1918,0.854,True
EMP-1922,0.927,True
EMP-1924,0.887,True
EMP-1927,0.883,True
EMP-1928,0.991,True
EMP-1929,0.85,True
EMP-1931,0.969,True
EMP-1932,0.871,True
EMP-1933,0.825,True
EMP-1934,0.827,True
EMP-1935,0.897,True
EMP-1936,0.902,True
EMP-1937,0.878,True
EMP-1938,0.94,True
EMP-1939,0.907,True
EMP-1940,0.833,True
EMP-1941,0.883,True
EMP-1943,0.838,True
EMP-1944,0.831,True
EMP-1945,0.857,True
EMP-1947,0.946,True
EMP-1948,0.945,True
EMP-1949,0.975,True
EMP-1950,0.956,True
EMP-1951,0.916,True
EMP-1952,0.876,True
EMP-1954,0.821,True
EMP-1955,0.936,True
EMP-1956,0.872,True
EMP-1960,0.865,True
EMP-1961,0.995,True
EMP-1962,0.851,True
EMP-1965,0.826,True
EMP-1966,0.991,True
EMP-1967,0.875,True
EMP-1968,0.891,True
EMP-1969,0.835,True
EMP-1970,0.893,True
EMP-1971,0.995,True
EMP-1972,0.945,True
EMP-1973,0.905,True
EMP-1974,0.875,True
EMP-1975,0.886,True
EMP-1976,0.93,True
EMP-1979,0.866,True
EMP-1980,0.847,True
EMP-1981,0.945,True
EMP-1982,0.977,True
EMP-1985,0.982,True
EMP-1986,0.971,True
EMP-1987,0.916,True
EMP-1989,0.962,True
EMP-1992,0.987,True
EMP-1993,0.824,True
EMP-1994,0.894,True
EMP-1995,0.857,True
EMP-1996,0.999,True
EMP-1997,0.987,True
EMP-1998,0.964,True
EMP-1999,0.873,True
EMP-2000,0.991,True
EMP-2003,0.825,True
EMP-2007,0.854,True
EMP-2008,0.931,True
EMP-2009,0.963,True
EMP-2010,0.979,True
EMP-2012,0.874,True
EMP-2013,0.89,True
EMP-2014,0.902,True
EMP-2015,0.825,True
EMP-2016,0.976,True
EMP-2017,0.881,True
EMP-2018,0.856,True
EMP-2019,0.894,True
EMP-2020,0.948,True
EMP-2021,0.977,True
EMP-2022,0.859,True
EMP-2023,0.851,True
EMP-2024,0.99,True
EMP-2025,0.919,True
EMP-2026,0.886,True
EMP-2027,0.856,True
EMP-2031,0.999,True
EMP-2032,0.949,True
EMP-2034,0.859,True
EMP-2035,0.836,True
EMP-2036,0.856,True
EMP-2037,0.865,True
EMP-2038,0.84,True
EMP-2040,0.861,True
EMP-2041,0.841,True
EMP-2044,0.888,True
EMP-2045,0.908,True
EMP-2046,0.902,True
EMP-2048,0.969,True
EMP-2049,0.866,True
EMP-2051,0.98,True
EMP-2052,0.983,True
EMP-2053,0.993,True
EMP-2054,0.853,True
EMP-2055,0.864,True
EMP-2056,0.932,True
EMP-2057,0.845,True
EMP-2060,0.835,True
EMP-2061,0.833,True
EMP-2062,0.929,True
EMP-2064,0.965,True
EMP-2065,0.867,True
EMP-2068,0.988,True
