Employee_ID,Performance_Score,Synthetic
EMP-1,4,True
EMP-2,5,True
EMP-4,5,True
EMP-5,3,True
EMP-7,3,True
EMP-8,4,True
EMP-10,2,True
EMP-11,2,True
EMP-12,2,True
EMP-13,5,True
EMP-14,5,True
EMP-15,5,True
EMP-16,2,True
EMP-18,3,True
EMP-19,3,True
EMP-20,2,True
EMP-21,3,True
EMP-22,3,True
EMP-23,5,True
EMP-24,2,True
EMP-26,5,True
EMP-27,5,True
EMP-28,2,True
EMP-30,3,True
EMP-31,3,True
EMP-32,5,True
EMP-33,5,True
EMP-35,5,True
EMP-36,3,True
EMP-38,5,True
EMP-39,5,True
EMP-40,4,True
EMP-41,2,True
EMP-42,3,True
EMP-45,2,True
EMP-46,5,True
EMP-47,3,True
EMP-49,4,True
EMP-51,3,True
EMP-52,5,True
EMP-53,5,True
EMP-54,3,True
EMP-55,3,True
EMP-56,2,True
EMP-57,2,True
EMP-58,5,True
EMP-60,5,True
EMP-61,5,True
EMP-62,4,True
EMP-63,2,True
EMP-64,2,True
EMP-65,4,True
EMP-68,3,True
EMP-70,2,True
EMP-72,2,True
EMP-73,4,True
EMP-74,5,True
EMP-75,3,True
EMP-76,5,True
EMP-77,3,True
EMP-78,4,True
EMP-79,2,True
EMP-80,4,True
EMP-81,3,True
EMP-83,5,True
EMP-84,3,True
EMP-85,2,True
EMP-86,2,True
EMP-88,3,True
EMP-90,3,True
EMP-91,3,True
EMP-94,4,True
EMP-95,5,True
EMP-96,4,True
EMP-97,3,True
EMP-98,4,True
EMP-100,5,True
EMP-101,2,True
EMP-102,2,True
EMP-103,2,True
EMP-104,5,True
EMP-105,5,True
EMP-106,3,True
EMP-107,5,True
EMP-110,4,True
EMP-112,5,True
EMP-113,5,True
EMP-116,5,True
EMP-117,3,True
EMP-118,4,True
EMP-119,2,True
EMP-120,5,True
EMP-121,3,True
EMP-124,3,True
EMP-125,4,True
EMP-126,5,True
EMP-128,4,True
EMP-129,5,True
EMP-131,4,True
EMP-132,5,True
EMP-133,4,True
EMP-134,3,True
EMP-137,5,True
EMP-138,3,True
EMP-139,4,True
EMP-140,3,True
EMP-141,3,True
EMP-142,3,True
EMP-143,3,True
EMP-144,5,True
EMP-145,5,True
EMP-147,4,True
EMP-148,2,True
EMP-150,2,True
EMP-151,2,True
EMP-152,4,True
EMP-153,5,True
EMP-154,3,True
EMP-155,3,True
EMP-158,4,True
EMP-159,5,True
EMP-160,3,True
EMP-161,3,True
EMP-162,4,True
EMP-163,5,True
EMP-164,4,True
EMP-165,4,True
EMP-167,4,True
EMP-169,2,True
EMP-170,5,True
EMP-171,2,True
EMP-174,3,True
EMP-175,3,True
EMP-176,4,True
EMP-177,2,True
EMP-178,2,True
EMP-179,5,True
EMP-182,3,True
EMP-183,4,True
EMP-184,4,True
EMP-190,4,True
EMP-192,4,True
EMP-193,4,True
EMP-194,5,True
EMP-195,5,True
EMP-197,3,True
EMP-198,2,True
EMP-199,5,True
EMP-200,3,True
EMP-201,3,True
EMP-202,2,True
EMP-204,4,True
EMP-205,4,True
EMP-206,5,True
EMP-207,4,True
EMP-208,4,True
EMP-211,4,True
EMP-214,5,True
EMP-215,5,True
EMP-216,5,True
EMP-217,3,True
EMP-218,3,True
EMP-221,2,True
EMP-223,5,True
EMP-224,4,True
EMP-226,5,True
EMP-227,5,True
EMP-228,3,True
EMP-230,2,True
EMP-231,2,True
EMP-233,5,True
EMP-235,3,True
EMP-238,3,True
EMP-239,5,True
EMP-240,3,True
EMP-241,5,True
EMP-242,4,True
EMP-243,5,True
EMP-244,2,True
EMP-245,3,True
EMP-246,2,True
EMP-247,2,True
EMP-248,5,True
EMP-249,4,True
EMP-250,3,True
EMP-252,3,True
EMP-253,2,True
EMP-254,2,True
EMP-256,5,True
EMP-258,2,True
EMP-259,3,True
EMP-260,2,True
EMP-261,5,True
EMP-262,2,True
EMP-264,3,True
EMP-267,5,True
EMP-269,4,True
EMP-270,3,True
EMP-271,4,True
EMP-273,3,True
EMP-274,3,True
EMP-275,4,True
EMP-277,3,True
EMP-281,5,True
EMP-282,3,True
EMP-283,5,True
EMP-284,2,True
EMP-286,4,True
EMP-287,4,True
EMP-288,4,True
EMP-291,3,True
EMP-292,4,True
EMP-293,2,True
EMP-296,4,True
EMP-297,5,True
EMP-298,3,True
EMP-299,2,True
EMP-300,4,True
EMP-302,5,True
EMP-303,3,True
EMP-304,2,True
EMP-305,3,True
EMP-306,5,True
EMP-307,3,True
EMP-308,4,True
EMP-309,3,True
EMP-311,4,True
EMP-312,3,True
EMP-314,3,True
EMP-315,4,True
EMP-316,4,True
EMP-319,3,True
EMP-321,3,True
EMP-323,2,True
EMP-325,4,True
EMP-327,3,True
EMP-328,4,True
EMP-329,3,True
EMP-330,5,True
EMP-331,4,True
EMP-332,3,True
EMP-333,3,True
EMP-334,4,True
EMP-335,2,True
EMP-336,2,True
EMP-337,2,True
EMP-338,3,True
EMP-339,3,True
EMP-340,3,True
EMP-341,2,True
EMP-342,3,True
EMP-343,3,True
EMP-346,3,True
EMP-347,4,True
EMP-349,3,True
EMP-350,5,True
EMP-351,5,True
EMP-352,4,True
EMP-353,4,True
EMP-355,2,True
EMP-359,4,True
EMP-361,3,True
EMP-362,3,True
EMP-363,5,True
EMP-364,2,True
EMP-366,3,True
EMP-367,5,True
EMP-369,5,True
EMP-372,4,True
EMP-373,4,True
EMP-374,5,True
EMP-376,2,True
EMP-377,3,True
EMP-378,2,True
EMP-379,3,True
EMP-380,5,True
EMP-381,4,True
EMP-382,5,True
EMP-384,4,True
EMP-385,5,True
EMP-386,2,True
EMP-387,3,True
EMP-388,3,True
EMP-389,5,True
EMP-390,4,True
EMP-391,2,True
EMP-392,2,True
EMP-393,3,True
EMP-394,2,True
EMP-395,4,True
EMP-396,5,True
EMP-397,5,True
EMP-399,2,True
EMP-401,3,True
EMP-403,4,True
EMP-404,3,True
EMP-405,3,True
EMP-406,2,True
EMP-407,2,True
EMP-408,3,True
EMP-410,2,True
EMP-411,2,True
EMP-412,4,True
EMP-416,5,True
EMP-417,4,True
EMP-419,2,True
EMP-420,5,True
EMP-421,4,True
EMP-422,3,True
EMP-423,3,True
EMP-424,5,True
EMP-425,3,True
EMP-426,2,True
EMP-428,3,True
EMP-429,3,True
EMP-430,3,True
EMP-431,3,True
EMP-433,4,True
EMP-434,3,True
EMP-436,4,True
EMP-437,3,True
EMP-438,5,True
EMP-439,5,True
EMP-440,3,True
EMP-441,2,True
EMP-442,4,True
EMP-444,3,True
EMP-445,5,True
EMP-446,3,True
EMP-447,3,True
EMP-448,3,True
EMP-449,5,True
EMP-450,2,True
EMP-451,5,True
EMP-452,2,True
EMP-453,5,True
EMP-454,4,True
EMP-455,4,True
EMP-456,2,True
EMP-458,4,True
EMP-460,4,True
EMP-461,3,True
EMP-462,3,True
EMP-463,4,True
EMP-464,3,True
EMP-465,5,True
EMP-466,2,True
EMP-467,3,True
EMP-468,5,True
EMP-469,5,True
EMP-470,3,True
EMP-471,4,True
EMP-473,2,True
EMP-474,2,True
EMP-475,5,True
EMP-476,4,True
EMP-477,2,True
EMP-478,5,True
EMP-479,3,True
EMP-481,4,True
EMP-482,5,True
EMP-483,5,True
EMP-484,2,True
EMP-485,3,True
EMP-486,3,True
EMP-487,5,True
EMP-488,5,True
EMP-491,4,True
EMP-492,2,True
EMP-493,5,True
EMP-494,4,True
EMP-495,3,True
EMP-496,3,True
EMP-497,3,True
EMP-498,3,True
EMP-499,5,True
EMP-500,5,True
EMP-501,2,True
EMP-502,5,True
EMP-505,3,True
EMP-507,5,True
EMP-508,5,True
EMP-510,4,True
EMP-511,4,True
EMP-513,4,True
EMP-514,5,True
EMP-515,3,True
EMP-516,4,True
EMP-517,5,True
EMP-518,5,True
EMP-520,2,True
EMP-521,3,True
EMP-522,4,True
EMP-523,4,True
EMP-524,4,True
EMP-525,5,True
EMP-526,4,True
EMP-527,4,True
EMP-529,5,True
EMP-530,2,True
EMP-531,4,True
EMP-532,3,True
EMP-533,5,True
EMP-534,4,True
EMP-536,4,True
EMP-538,5,True
EMP-543,2,True
EMP-544,4,True
EMP-546,5,True
EMP-547,5,True
EMP-548,2,True
EMP-549,5,True
EMP-550,2,True
EMP-551,3,True
EMP-554,5,True
EMP-555,4,True
EMP-556,4,True
EMP-558,4,True
EMP-560,5,True
EMP-562,2,True
EMP-564,3,True
EMP-565,3,True
EMP-566,5,True
EMP-567,4,True
EMP-568,4,True
EMP-569,5,True
EMP-571,5,True
EMP-573,3,True
EMP-574,3,True
EMP-575,2,True
EMP-577,2,True
EMP-578,3,True
EMP-579,4,True
EMP-580,5,True
EMP-581,3,True
EMP-582,4,True
EMP-584,5,True
EMP-585,3,True
EMP-586,2,True
EMP-587,5,True
EMP-590,4,True
EMP-591,2,True
EMP-592,3,True
EMP-593,3,True
EMP-595,2,True
EMP-597,3,True
EMP-599,5,True
EMP-600,4,True
EMP-601,5,True
EMP-602,5,True
EMP-604,3,True
EMP-605,2,True
EMP-606,2,True
EMP-608,5,True
EMP-611,3,True
EMP-612,4,True
EMP-613,3,True
EMP-614,5,True
EMP-615,4,True
EMP-616,5,True
EMP-618,3,True
EMP-620,5,True
EMP-621,4,True
EMP-622,2,True
EMP-623,2,True
EMP-624,3,True
EMP-625,2,True
EMP-626,5,True
EMP-630,2,True
EMP-631,4,True
EMP-632,4,True
EMP-634,4,True
EMP-635,4,True
EMP-638,5,True
EMP-639,5,True
EMP-641,5,True
EMP-643,3,True
EMP-644,4,True
EMP-645,2,True
EMP-647,5,True
EMP-648,2,True
EMP-649,2,True
EMP-650,5,True
EMP-652,5,True
EMP-653,2,True
EMP-655,5,True
EMP-656,2,True
EMP-657,2,True
EMP-659,5,True
EMP-661,2,True
EMP-662,2,True
EMP-663,5,True
EMP-664,4,True
EMP-665,4,True
EMP-666,5,True
EMP-667,2,True
EMP-669,5,True
EMP-671,3,True
EMP-675,4,True
EMP-677,3,True
EMP-679,3,True
EMP-680,3,True
EMP-682,4,True
EMP-683,5,True
EMP-684,2,True
EMP-686,4,True
EMP-689,5,True
EMP-690,4,True
EMP-691,5,True
EMP-692,2,True
EMP-698,3,True
EMP-699,3,True
EMP-700,4,True
EMP-701,3,True
EMP-702,3,True
EMP-704,5,True
EMP-705,2,True
EMP-707,5,True
EMP-709,2,True
EMP-710,3,True
EMP-712,4,True
EMP-714,5,True
EMP-715,5,True
EMP-716,2,True
EMP-717,4,True
EMP-720,3,True
EMP-721,5,True
EMP-722,5,True
EMP-723,2,True
EMP-724,3,True
EMP-725,5,True
EMP-727,5,True
EMP-728,4,True
EMP-729,2,True
EMP-730,3,True
EMP-731,5,True
EMP-732,4,True
EMP-733,2,True
EMP-734,3,True
EMP-738,2,True
EMP-741,3,True
EMP-742,3,True
EMP-743,4,True
EMP-744,5,True
EMP-746,4,True
EMP-747,4,True
EMP-749,3,True
EMP-752,4,True
EMP-754,5,True
EMP-757,2,True
EMP-758,3,True
EMP-760,2,True
EMP-762,2,True
EMP-763,2,True
EMP-764,4,True
EMP-766,5,True
EMP-769,5,True
EMP-771,2,True
EMP-772,4,True
EMP-773,3,True
EMP-775,3,True
EMP-776,4,True
EMP-780,4,True
EMP-781,4,True
EMP-783,2,True
EMP-784,3,True
EMP-785,3,True
EMP-786,2,True
EMP-787,2,True
EMP-789,3,True
EMP-791,2,True
EMP-792,4,True
EMP-793,2,True
EMP-796,2,True
EMP-797,5,True
EMP-799,4,True
EMP-800,4,True
EMP-802,2,True
EMP-803,2,True
EMP-804,5,True
EMP-805,5,True
EMP-806,5,True
EMP-807,5,True
EMP-808,2,True
EMP-809,5,True
EMP-811,3,True
EMP-812,4,True
EMP-813,3,True
EMP-815,4,True
EMP-816,5,True
EMP-817,5,True
EMP-819,4,True
EMP-820,3,True
EMP-823,4,True
EMP-824,3,True
EMP-825,2,True
EMP-826,4,True
EMP-827,2,True
EMP-828,3,True
EMP-829,4,True
EMP-830,5,True
EMP-832,4,True
EMP-833,5,True
EMP-834,5,True
EMP-836,2,True
EMP-837,5,True
EMP-838,3,True
EMP-840,4,True
EMP-842,2,True
EMP-843,4,True
EMP-844,4,True
EMP-845,5,True
EMP-846,5,True
EMP-847,5,True
EMP-848,4,True
EMP-850,5,True
EMP-851,2,True
EMP-852,5,True
EMP-854,2,True
EMP-855,3,True
EMP-856,5,True
EMP-857,4,True
EMP-859,5,True
EMP-861,4,True
EMP-862,4,True
EMP-864,2,True
EMP-865,5,True
EMP-867,4,True
EMP-868,4,True
EMP-869,3,True
EMP-872,5,True
EMP-874,3,True
EMP-875,2,True
EMP-878,2,True
EMP-879,4,True
EMP-880,4,True
EMP-881,2,True
EMP-882,4,True
EMP-885,5,True
EMP-887,4,True
EMP-888,5,True
EMP-889,2,True
EMP-893,3,True
EMP-894,4,True
EMP-895,3,True
EMP-896,2,True
EMP-897,3,True
EMP-899,3,True
EMP-900,2,True
EMP-901,3,True
EMP-902,3,True
EMP-903,5,True
EMP-904,3,True
EMP-905,3,True
EMP-909,3,True
EMP-910,4,True
EMP-911,3,True
EMP-912,5,True
EMP-913,3,True
EMP-916,3,True
EMP-918,2,True
EMP-920,5,True
EMP-922,3,True
EMP-923,2,True
EMP-924,2,True
EMP-925,3,True
EMP-926,5,True
EMP-927,2,True
EMP-930,2,True
EMP-932,4,True
EMP-933,3,True
EMP-934,5,True
EMP-936,5,True
EMP-939,4,True
EMP-940,3,True
EMP-941,4,True
EMP-942,4,True
EMP-944,3,True
EMP-945,3,True
EMP-947,5,True
EMP-949,4,True
EMP-950,3,True
EMP-951,5,True
EMP-952,3,True
EMP-954,2,True
EMP-956,5,True
EMP-957,5,True
EMP-958,3,True
EMP-959,5,True
EMP-960,3,True
EMP-961,4,True
EMP-964,2,True
EMP-966,4,True
EMP-967,2,True
EMP-969,2,True
EMP-970,5,True
EMP-972,2,True
EMP-974,3,True
EMP-975,5,True
EMP-976,5,True
EMP-977,3,True
EMP-981,2,True
EMP-982,3,True
EMP-983,4,True
EMP-984,3,True
EMP-985,4,True
EMP-986,5,True
EMP-987,4,True
EMP-990,4,True
EMP-991,4,True
EMP-992,2,True
EMP-994,4,True
EMP-995,5,True
EMP-996,4,True
EMP-997,5,True
EMP-998,5,True
EMP-999,3,True
EMP-1001,3,True
EMP-1002,5,True
EMP-1003,3,True
EMP-1004,4,True
EMP-1005,4,True
EMP-1006,2,True
EMP-1007,3,True
EMP-1009,3,True
EMP-1010,2,True
EMP-1011,5,True
EMP-1012,5,True
EMP-1013,5,True
EMP-1014,2,True
EMP-1015,3,True
EMP-1016,2,True
EMP-1017,2,True
EMP-1018,4,True
EMP-1019,5,True
EMP-1022,2,True
EMP-1024,4,True
EMP-1025,2,True
EMP-1026,5,True
EMP-1027,2,True
EMP-1028,3,True
EMP-1029,2,True
EMP-1030,3,True
EMP-1032,3,True
EMP-1033,4,True
EMP-1034,5,True
EMP-1035,5,True
EMP-1036,3,True
EMP-1037,5,True
EMP-1038,3,True
EMP-1039,2,True
EMP-1040,4,True
EMP-1042,4,True
EMP-1043,3,True
EMP-1044,4,True
EMP-1045,3,True
EMP-1046,2,True
EMP-1047,3,True
EMP-1048,3,True
EMP-1049,3,True
EMP-1050,5,True
EMP-1052,3,True
EMP-1053,4,True
EMP-1055,2,True
EMP-1056,3,True
EMP-1060,5,True
EMP-1061,5,True
EMP-1062,5,True
EMP-1066,2,True
EMP-1068,5,True
EMP-1069,3,True
EMP-1070,2,True
EMP-1071,2,True
EMP-1073,5,True
EMP-1074,4,True
EMP-1076,4,True
EMP-1077,5,True
EMP-1079,2,True
EMP-1080,2,True
EMP-1081,5,True
EMP-1082,4,True
EMP-1083,5,True
EMP-1084,4,True
EMP-1085,2,True
EMP-1088,4,True
EMP-1092,5,True
EMP-1094,2,True
EMP-1096,2,True
EMP-1097,3,True
EMP-1098,3,True
EMP-1099,4,True
EMP-1100,2,True
EMP-1101,5,True
EMP-1102,2,True
EMP-1103,2,True
EMP-1105,5,True
EMP-1106,3,True
EMP-1107,4,True
EMP-1108,3,True
EMP-1109,3,True
EMP-1111,4,True
EMP-1113,5,True
EMP-1114,2,True
EMP-1115,5,True
EMP-1116,2,True
EMP-1117,5,True
EMP-1118,5,True
EMP-1119,5,True
EMP-1120,4,True
EMP-1121,5,True
EMP-1124,5,True
EMP-1125,4,True
EMP-1126,5,True
EMP-1127,3,True
EMP-1128,5,True
EMP-1131,5,True
EMP-1132,4,True
EMP-1133,2,True
EMP-1135,2,True
EMP-1136,2,True
EMP-1137,4,True
EMP-1138,3,True
EMP-1140,5,True
EMP-1143,3,True
EMP-1148,2,True
EMP-1150,4,True
EMP-1152,2,True
EMP-1154,5,True
EMP-1156,2,True
EMP-1157,3,True
EMP-1158,5,True
EMP-1160,4,True
EMP-1161,5,True
EMP-1162,3,True
EMP-1163,5,True
EMP-1164,4,True
EMP-1165,4,True
EMP-1166,2,True
EMP-1167,5,True
EMP-1171,2,True
EMP-1172,3,True
EMP-1173,4,True
EMP-1175,5,True
EMP-1177,4,True
EMP-1179,3,True
EMP-1180,3,True
EMP-1182,5,True
EMP-1184,3,True
EMP-1185,5,True
EMP-1188,2,True
EMP-1190,4,True
EMP-1191,4,True
EMP-1192,4,True
EMP-1193,3,True
EMP-1195,4,True
EMP-1196,3,True
EMP-1198,4,True
EMP-1200,5,True
EMP-1201,4,True
EMP-1202,4,True
EMP-1203,5,True
EMP-1204,2,True
EMP-1206,4,True
EMP-1207,4,True
EMP-1210,4,True
EMP-1211,2,True
EMP-1212,5,True
EMP-1215,2,True
EMP-1216,3,True
EMP-1217,4,True
EMP-1218,3,True
EMP-1219,2,True
EMP-1220,4,True
EMP-1221,3,True
EMP-1224,5,True
EMP-1225,5,True
EMP-1226,3,True
EMP-1228,4,True
EMP-1231,2,True
EMP-1233,5,True
EMP-1234,2,True
EMP-1235,5,True
EMP-1237,5,True
EMP-1238,3,True
EMP-1239,5,True
EMP-1240,4,True
EMP-1241,4,True
EMP-1242,3,True
EMP-1243,2,True
EMP-1244,4,True
EMP-1245,2,True
EMP-1246,3,True
EMP-1248,2,True
EMP-1249,2,True
EMP-1250,2,True
EMP-1251,2,True
EMP-1252,5,True
EMP-1254,5,True
EMP-1255,5,True
EMP-1256,2,True
EMP-1257,5,True
EMP-1258,4,True
EMP-1259,5,True
EMP-1260,5,True
EMP-1263,3,True
EMP-1264,4,True
EMP-1265,4,True
EMP-1267,3,True
EMP-1268,3,True
EMP-1269,2,True
EMP-1270,2,True
EMP-1273,5,True
EMP-1275,4,True
EMP-1277,4,True
EMP-1278,4,True
EMP-1279,3,True
EMP-1280,2,True
EMP-1281,5,True
EMP-1282,5,True
EMP-1283,2,True
EMP-1285,5,True
EMP-1286,3,True
EMP-1288,4,True
EMP-1289,2,True
EMP-1291,3,True
EMP-1292,2,True
EMP-1293,5,True
EMP-1294,3,True
EMP-1295,3,True
EMP-1296,4,True
EMP-1297,5,True
EMP-1298,3,True
EMP-1299,4,True
EMP-1301,4,True
EMP-1303,3,True
EMP-1304,5,True
EMP-1306,2,True
EMP-1307,5,True
EMP-1308,3,True
EMP-1309,2,True
EMP-1310,5,True
EMP-1311,5,True
EMP-1312,5,True
EMP-1314,2,True
EMP-1315,5,True
EMP-1317,4,True
EMP-1318,5,True
EMP-1319,3,True
EMP-1321,5,True
EMP-1322,4,True
EMP-1324,3,True
EMP-1329,2,True
EMP-1331,5,True
EMP-1333,4,True
EMP-1334,2,True
EMP-1336,2,True
EMP-1338,5,True
EMP-1340,2,True
EMP-1344,2,True
EMP-1346,4,True
EMP-1349,5,True
EMP-1350,3,True
EMP-1352,4,True
EMP-1355,4,True
EMP-1356,4,True
EMP-1358,4,True
EMP-1360,2,True
EMP-1361,4,True
EMP-1362,2,True
EMP-1363,4,True
EMP-1364,5,True
EMP-1367,5,True
EMP-1368,2,True
EMP-1369,5,True
EMP-1371,3,True
EMP-1372,2,True
EMP-1373,4,True
EMP-1374,4,True
EMP-1375,3,True
EMP-1377,4,True
EMP-1379,4,True
EMP-1380,2,True
EMP-1382,4,True
EMP-1383,3,True
EMP-1387,2,True
EMP-1389,3,True
EMP-1390,5,True
EMP-1391,4,True
EMP-1392,3,True
EMP-1394,3,True
EMP-1395,5,True
EMP-1396,4,True
EMP-1397,5,True
EMP-1399,4,True
EMP-1401,5,True
EMP-1402,4,True
EMP-1403,3,True
EMP-1405,3,True
EMP-1407,2,True
EMP-1408,5,True
EMP-1409,5,True
EMP-1411,4,True
EMP-1412,3,True
EMP-1415,2,True
EMP-1417,4,True
EMP-1419,2,True
EMP-1420,4,True
EMP-1421,3,True
EMP-1422,5,True
EMP-1423,5,True
EMP-1424,2,True
EMP-1425,3,True
EMP-1427,5,True
EMP-1428,2,True
EMP-1430,4,True
EMP-1431,2,True
EMP-1433,3,True
EMP-1434,2,True
EMP-1435,2,True
EMP-1436,3,True
EMP-1438,2,True
EMP-1439,5,True
EMP-1440,4,True
EMP-1441,3,True
EMP-1443,3,True
EMP-1445,5,True
EMP-1446,5,True
EMP-1447,2,True
EMP-1448,4,True
EMP-1449,3,True
EMP-1453,5,True
EMP-1457,5,True
EMP-1458,4,True
EMP-1459,4,True
EMP-1460,2,True
EMP-1461,5,True
EMP-1464,4,True
EMP-1465,3,True
EMP-1466,2,True
EMP-1467,4,True
EMP-1468,3,True
EMP-1469,4,True
EMP-1471,3,True
EMP-1472,2,True
EMP-1473,3,True
EMP-1474,5,True
EMP-1475,5,True
EMP-1477,3,True
EMP-1478,5,True
EMP-1479,2,True
EMP-1480,5,True
EMP-1481,5,True
EMP-1482,2,True
EMP-1483,4,True
EMP-1484,3,True
EMP-1485,5,True
EMP-1486,2,True
EMP-1487,5,True
EMP-1489,5,True
EMP-1492,3,True
EMP-1494,3,True
EMP-1495,4,True
EMP-1496,2,True
EMP-1497,5,True
EMP-1499,2,True
EMP-1501,2,True
EMP-1502,4,True
EMP-1503,3,True
EMP-1504,2,True
EMP-1506,5,True
EMP-1507,2,True
EMP-1509,2,True
EMP-1513,4,True
EMP-1514,5,True
EMP-1515,2,True
EMP-1516,3,True
EMP-1520,5,True
EMP-1522,5,True
EMP-1523,2,True
EMP-1525,4,True
EMP-1527,5,True
EMP-1529,4,True
EMP-1533,4,True
EMP-1534,5,True
EMP-1535,3,True
EMP-1537,2,True
EMP-1539,4,True
EMP-1541,4,True
EMP-1542,5,True
EMP-1543,5,True
EMP-1544,3,True
EMP-1545,5,True
EMP-1546,2,True
EMP-1547,5,True
EMP-1548,2,True
EMP-1549,4,True
EMP-1550,4,True
EMP-1551,4,True
EMP-1552,5,True
EMP-1553,4,True
EMP-1554,2,True
EMP-1555,4,True
EMP-1556,3,True
EMP-1557,4,True
EMP-1558,3,True
EMP-1560,2,True
EMP-1562,4,True
EMP-1563,2,True
EMP-1564,3,True
EMP-1568,4,True
EMP-1569,5,True
EMP-1572,3,True
EMP-1573,3,True
EMP-1574,3,True
EMP-1576,4,True
EMP-1577,2,True
EMP-1578,4,True
EMP-1580,5,True
EMP-1581,2,True
EMP-1582,5,True
EMP-1583,4,True
EMP-1585,4,True
EMP-1586,4,True
EMP-1587,5,True
EMP-1588,4,True
EMP-1590,5,True
EMP-1591,3,True
EMP-1592,2,True
EMP-1594,4,True
EMP-1595,2,True
EMP-1596,2,True
EMP-1597,2,True
EMP-1598,3,True
EMP-1599,2,True
EMP-1601,4,True
EMP-1602,4,True
EMP-1604,2,True
EMP-1605,3,True
EMP-1606,5,True
EMP-1607,5,True
EMP-1608,2,True
EMP-1609,4,True
EMP-1611,3,True
EMP-1612,3,True
EMP-1613,4,True
EMP-1614,5,True
EMP-1615,4,True
EMP-1617,5,True
EMP-1618,5,True
EMP-1619,5,True
EMP-1621,5,True
EMP-1622,5,True
EMP-1623,3,True
EMP-1624,5,True
EMP-1625,5,True
EMP-1627,4,True
EMP-1628,4,True
EMP-1630,5,True
EMP-1631,2,True
EMP-1633,2,True
EMP-1635,5,True
EMP-1638,4,True
EMP-1639,4,True
EMP-1640,4,True
EMP-1641,4,True
EMP-1642,2,True
EMP-1644,3,True
EMP-1645,2,True
EMP-1646,3,True
EMP-1647,2,True
EMP-1648,5,True
EMP-1649,3,True
EMP-1650,4,True
EMP-1651,2,True
EMP-1653,2,True
EMP-1654,3,True
EMP-1655,5,True
EMP-1656,5,True
EMP-1657,4,True
EMP-1658,4,True
EMP-1659,4,True
EMP-1661,4,True
EMP-1662,4,True
EMP-1664,2,True
EMP-1665,3,True
EMP-1666,5,True
EMP-1667,3,True
EMP-1668,2,True
EMP-1669,4,True
EMP-1670,3,True
EMP-1671,4,True
EMP-1673,4,True
EMP-1674,4,True
EMP-1675,5,True
EMP-1676,4,True
EMP-1677,5,True
EMP-1678,2,True
EMP-1680,5,True
EMP-1681,3,True
EMP-1682,4,True
EMP-1683,2,True
EMP-1684,4,True
EMP-1687,2,True
EMP-1689,4,True
EMP-1691,2,True
EMP-1692,2,True
EMP-1693,2,True
EMP-1694,3,True
EMP-1696,5,True
EMP-1697,5,True
EMP-1698,2,True
EMP-1700,5,True
EMP-1701,4,True
EMP-1702,3,True
EMP-1703,5,True
EMP-1704,2,True
EMP-1706,2,True
EMP-1707,2,True
EMP-1708,2,True
EMP-1709,3,True
EMP-1710,2,True
EMP-1712,2,True
EMP-1714,3,True
EMP-1716,4,True
EMP-1718,5,True
EMP-1719,2,True
EMP-1720,4,True
EMP-1721,2,True
EMP-1722,5,True
EMP-1724,3,True
EMP-1725,5,True
EMP-1727,5,True
EMP-1728,3,True
EMP-1729,3,True
EMP-1731,3,True
EMP-1732,3,True
EMP-1733,3,True
EMP-1734,4,True
EMP-1735,3,True
EMP-1736,5,True
EMP-1737,3,True
EMP-1739,3,True
EMP-1740,3,True
EMP-1744,4,True
EMP-1745,2,True
EMP-1746,3,True
EMP-1747,3,True
EMP-1749,4,True
EMP-1751,2,True
EMP-1752,3,True
EMP-1753,4,True
EMP-1754,5,True
EMP-1755,3,True
EMP-1756,5,True
EMP-1757,4,True
EMP-1758,5,True
EMP-1760,2,True
EMP-1761,5,True
EMP-1762,3,True
EMP-1763,2,True
EMP-1764,2,True
EMP-1766,4,True
EMP-1767,4,True
EMP-1768,2,True
EMP-1770,5,True
EMP-1771,3,True
EMP-1772,4,True
EMP-1774,4,True
EMP-1775,4,True
EMP-1778,4,True
EMP-1779,5,True
EMP-1780,4,True
EMP-1782,5,True
EMP-1783,5,True
EMP-1784,3,True
EMP-1786,4,True
EMP-1787,2,True
EMP-1789,5,True
EMP-1790,5,True
EMP-1792,5,True
EMP-1794,4,True
EMP-1797,5,True
EMP-1798,5,True
EMP-1799,2,True
EMP-1800,3,True
EMP-1801,4,True
EMP-1802,3,True
EMP-1803,4,True
EMP-1804,4,True
EMP-1805,5,True
EMP-1807,5,True
EMP-1809,2,True
EMP-1812,3,True
EMP-1813,3,True
EMP-1814,4,True
EMP-1815,3,True
EMP-1816,5,True
EMP-1818,3,True
EMP-1821,3,True
EMP-1822,5,True
EMP-1823,3,True
EMP-1824,2,True
EMP-1826,3,True
EMP-1827,3,True
EMP-1829,4,True
EMP-1830,4,True
EMP-1833,4,True
EMP-1834,3,True
EMP-1835,4,True
EMP-1836,2,True
EMP-1837,2,True
EMP-1839,4,True
EMP-1842,5,True
EMP-1844,4,True
EMP-1845,2,True
EMP-1847,5,True
EMP-1849,3,True
EMP-1850,4,True
EMP-1852,5,True
EMP-1853,5,True
EMP-1854,2,True
EMP-1856,2,True
EMP-1857,4,True
EMP-1858,5,True
EMP-1859,5,True
EMP-1860,4,True
EMP-1862,2,True
EMP-1863,4,True
EMP-1864,4,True
EMP-1865,3,True
EMP-1866,4,True
EMP-1867,2,True
EMP-1868,5,True
EMP-1869,2,True
EMP-1870,5,True
EMP-1871,5,True
EMP-1873,4,True
EMP-1875,5,True
EMP-1876,5,True
EMP-1878,2,True
EMP-1880,4,True
EMP-1881,4,True
EMP-1882,5,True
EMP-1883,4,True
EMP-1885,4,True
EMP-1886,4,True
EMP-1888,2,True
EMP-1890,3,True
EMP-1892,3,True
EMP-1893,5,True
EMP-1898,5,True
EMP-1900,4,True
EMP-1903,2,True
EMP-1905,4,True
EMP-1907,3,True
EMP-1908,4,True
EMP-1909,3,True
EMP-1911,4,True
EMP-1912,2,True
EMP-1915,2,True
EMP-1916,2,True
EMP-1918,5,True
EMP-1922,2,True
EMP-1924,3,True
EMP-1927,3,True
EMP-1928,5,True
EMP-1929,3,True
EMP-1931,5,True
EMP-1932,5,True
EMP-1933,4,True
EMP-1934,3,True
EMP-1935,4,True
EMP-1936,4,True
EMP-1937,2,True
EMP-1938,5,True
EMP-1939,3,True
EMP-1940,5,True
EMP-1941,4,True
EMP-1943,5,True
EMP-1944,2,True
EMP-1945,2,True
EMP-1947,2,True
EMP-1948,5,True
EMP-1949,5,True
EMP-1950,5,True
EMP-1951,3,True
EMP-1952,3,True
EMP-1954,3,True
EMP-1955,5,True
EMP-1956,3,True
EMP-1960,4,True
EMP-1961,4,True
EMP-1962,3,True
EMP-1965,3,True
EMP-1966,4,True
EMP-1967,5,True
EMP-1968,2,True
EMP-1969,4,True
EMP-1970,2,True
EMP-1971,2,True
EMP-1972,4,True
EMP-1973,3,True
EMP-1974,3,True
EMP-1975,2,True
EMP-1976,5,True
EMP-1979,5,True
EMP-1980,5,True
EMP-1981,2,True
EMP-1982,2,True
EMP-1985,2,True
EMP-1986,2,True
EMP-1987,3,True
EMP-1989,4,True
EMP-1992,2,True
EMP-1993,3,True
EMP-1994,4,True
EMP-1995,3,True
EMP-1996,3,True
EMP-1997,4,True
EMP-1998,5,True
EMP-1999,3,True
EMP-2000,2,True
EMP-2003,5,True
EMP-2007,4,True
EMP-2008,3,True
EMP-2009,4,True
EMP-2010,5,True
EMP-2012,2,True
EMP-2013,5,True
EMP-2014,4,True
EMP-2015,4,True
EMP-2016,5,True
EMP-2017,3,True
EMP-2018,5,True
EMP-2019,4,True
EMP-2020,5,True
EMP-2021,3,True
EMP-2022,4,True
EMP-2023,3,True
EMP-2024,3,True
EMP-2025,3,True
EMP-2026,5,True
EMP-2027,5,True
EMP-2031,2,True
EMP-2032,5,True
EMP-2034,4,True
EMP-2035,2,True
EMP-2036,5,True
EMP-2037,2,True
EMP-2038,5,True
EMP-2040,3,True
EMP-2041,5,True
EMP-2044,3,True
EMP-2045,2,True
EMP-2046,5,True
EMP-2048,4,True
EMP-2049,3,True
EMP-2051,2,True
EMP-2052,5,True
EMP-2053,5,True
EMP-2054,3,True
EMP-2055,4,True
EMP-2056,2,True
EMP-2057,2,True
EMP-2060,4,True
EMP-2061,5,True
EMP-2062,5,True
EMP-2064,3,True
EMP-2065,2,True
EMP-2068,4,True
