Employee_ID,Project,Skill,Synthetic
EMP-1,Demo Sales initiative,Sales,True
EMP-2,Demo Research & Development initiative,Python,True
EMP-4,Demo Research & Development initiative,Python,True
EMP-5,Demo Research & Development initiative,Python,True
EMP-7,Demo Research & Development initiative,Python,True
EMP-8,Demo Research & Development initiative,Python,True
EMP-10,Demo Research & Development initiative,Python,True
EMP-11,Demo Research & Development initiative,Python,True
EMP-12,Demo Research & Development initiative,Python,True
EMP-13,Demo Research & Development initiative,Python,True
EMP-14,Demo Research & Development initiative,Python,True
EMP-15,Demo Research & Development initiative,Python,True
EMP-16,Demo Research & Development initiative,Python,True
EMP-18,Demo Research & Development initiative,Python,True
EMP-19,Demo Research & Development initiative,Python,True
EMP-20,Demo Research & Development initiative,Python,True
EMP-21,Demo Research & Development initiative,Python,True
EMP-22,Demo Research & Development initiative,Python,True
EMP-23,Demo Sales initiative,Sales,True
EMP-24,Demo Research & Development initiative,Python,True
EMP-26,Demo Research & Development initiative,Python,True
EMP-27,Demo Sales initiative,Sales,True
EMP-28,Demo Research & Development initiative,Python,True
EMP-30,Demo Research & Development initiative,Python,True
EMP-31,Demo Research & Development initiative,Python,True
EMP-32,Demo Research & Development initiative,Python,True
EMP-33,Demo Research & Development initiative,Python,True
EMP-35,Demo Sales initiative,Sales,True
EMP-36,Demo Research & Development initiative,Python,True
EMP-38,Demo Sales initiative,Sales,True
EMP-39,Demo Research & Development initiative,Python,True
EMP-40,Demo Research & Development initiative,Python,True
EMP-41,Demo Research & Development initiative,Python,True
EMP-42,Demo Sales initiative,Sales,True
EMP-45,Demo Research & Development initiative,Python,True
EMP-46,Demo Research & Development initiative,Python,True
EMP-47,Demo Sales initiative,Sales,True
EMP-49,Demo Sales initiative,Sales,True
EMP-51,Demo Research & Development initiative,Python,True
EMP-52,Demo Sales initiative,Sales,True
EMP-53,Demo Research & Development initiative,Python,True
EMP-54,Demo Research & Development initiative,Python,True
EMP-55,Demo Research & Development initiative,Python,True
EMP-56,Demo Sales initiative,Sales,True
EMP-57,Demo Research & Development initiative,Python,True
EMP-58,Demo Research & Development initiative,Python,True
EMP-60,Demo Sales initiative,Sales,True
EMP-61,Demo Research & Development initiative,Python,True
EMP-62,Demo Sales initiative,Sales,True
EMP-63,Demo Research & Development initiative,Python,True
EMP-64,Demo Research & Development initiative,Python,True
EMP-65,Demo Research & Development initiative,Python,True
EMP-68,Demo Sales initiative,Sales,True
EMP-70,Demo Research & Development initiative,Python,True
EMP-72,Demo Sales initiative,Sales,True
EMP-73,Demo Research & Development initiative,Python,True
EMP-74,Demo Sales initiative,Sales,True
EMP-75,Demo Research & Development initiative,Python,True
EMP-76,Demo Research & Development initiative,Python,True
EMP-77,Demo Research & Development initiative,Python,True
EMP-78,Demo Research & Development initiative,Python,True
EMP-79,Demo Research & Development initiative,Python,True
EMP-80,Demo Research & Development initiative,Python,True
EMP-81,Demo Sales initiative,Sales,True
EMP-83,Demo Research & Development initiative,Python,True
EMP-84,Demo Research & Development initiative,Python,True
EMP-85,Demo Research & Development initiative,Python,True
EMP-86,Demo Research & Development initiative,Python,True
EMP-88,Demo Research & Development initiative,Python,True
EMP-90,Demo Research & Development initiative,Python,True
EMP-91,Demo Sales initiative,Sales,True
EMP-94,Demo Research & Development initiative,Python,True
EMP-95,Demo Research & Development initiative,Python,True
EMP-96,Demo Research & Development initiative,Python,True
EMP-97,Demo Research & Development initiative,Python,True
EMP-98,Demo Research & Development initiative,Python,True
EMP-100,Demo Sales initiative,Sales,True
EMP-101,Demo Research & Development initiative,Python,True
EMP-102,Demo Research & Development initiative,Python,True
EMP-103,Demo Human Resources initiative,Excel,True
EMP-104,Demo Research & Development initiative,Python,True
EMP-105,Demo Research & Development initiative,Python,True
EMP-106,Demo Sales initiative,Sales,True
EMP-107,Demo Research & Development initiative,Python,True
EMP-110,Demo Research & Development initiative,Python,True
EMP-112,Demo Research & Development initiative,Python,True
EMP-113,Demo Sales initiative,Sales,True
EMP-116,Demo Research & Development initiative,Python,True
EMP-117,Demo Research & Development initiative,Python,True
EMP-118,Demo Sales initiative,Sales,True
EMP-119,Demo Research & Development initiative,Python,True
EMP-120,Demo Sales initiative,Sales,True
EMP-121,Demo Sales initiative,Sales,True
EMP-124,Demo Research & Development initiative,Python,True
EMP-125,Demo Sales initiative,Sales,True
EMP-126,Demo Research & Development initiative,Python,True
EMP-128,Demo Sales initiative,Sales,True
EMP-129,Demo Sales initiative,Sales,True
EMP-131,Demo Sales initiative,Sales,True
EMP-132,Demo Research & Development initiative,Python,True
EMP-133,Demo Human Resources initiative,Excel,True
EMP-134,Demo Research & Development initiative,Python,True
EMP-137,Demo Research & Development initiative,Python,True
EMP-138,Demo Research & Development initiative,Python,True
EMP-139,Demo Research & Development initiative,Python,True
EMP-140,Demo Human Resources initiative,Excel,True
EMP-141,Demo Research & Development initiative,Python,True
EMP-142,Demo Sales initiative,Sales,True
EMP-143,Demo Research & Development initiative,Python,True
EMP-144,Demo Research & Development initiative,Python,True
EMP-145,Demo Research & Development initiative,Python,True
EMP-147,Demo Research & Development initiative,Python,True
EMP-148,Demo Human Resources initiative,Excel,True
EMP-150,Demo Research & Development initiative,Python,True
EMP-151,Demo Research & Development initiative,Python,True
EMP-152,Demo Sales initiative,Sales,True
EMP-153,Demo Research & Development initiative,Python,True
EMP-154,Demo Sales initiative,Sales,True
EMP-155,Demo Research & Development initiative,Python,True
EMP-158,Demo Sales initiative,Sales,True
EMP-159,Demo Research & Development initiative,Python,True
EMP-160,Demo Sales initiative,Sales,True
EMP-161,Demo Research & Development initiative,Python,True
EMP-162,Demo Research & Development initiative,Python,True
EMP-163,Demo Sales initiative,Sales,True
EMP-164,Demo Research & Development initiative,Python,True
EMP-165,Demo Research & Development initiative,Python,True
EMP-167,Demo Sales initiative,Sales,True
EMP-169,Demo Research & Development initiative,Python,True
EMP-170,Demo Research & Development initiative,Python,True
EMP-171,Demo Research & Development initiative,Python,True
EMP-174,Demo Sales initiative,Sales,True
EMP-175,Demo Sales initiative,Sales,True
EMP-176,Demo Sales initiative,Sales,True
EMP-177,Demo Human Resources initiative,Excel,True
EMP-178,Demo Research & Development initiative,Python,True
EMP-179,Demo Research & Development initiative,Python,True
EMP-182,Demo Sales initiative,Sales,True
EMP-183,Demo Sales initiative,Sales,True
EMP-184,Demo Human Resources initiative,Excel,True
EMP-190,Demo Research & Development initiative,Python,True
EMP-192,Demo Research & Development initiative,Python,True
EMP-193,Demo Research & Development initiative,Python,True
EMP-194,Demo Research & Development initiative,Python,True
EMP-195,Demo Sales initiative,Sales,True
EMP-197,Demo Research & Development initiative,Python,True
EMP-198,Demo Research & Development initiative,Python,True
EMP-199,Demo Research & Development initiative,Python,True
EMP-200,Demo Research & Development initiative,Python,True
EMP-201,Demo Research & Development initiative,Python,True
EMP-202,Demo Research & Development initiative,Python,True
EMP-204,Demo Sales initiative,Sales,True
EMP-205,Demo Sales initiative,Sales,True
EMP-206,Demo Research & Development initiative,Python,True
EMP-207,Demo Sales initiative,Sales,True
EMP-208,Demo Research & Development initiative,Python,True
EMP-211,Demo Research & Development initiative,Python,True
EMP-214,Demo Research & Development initiative,Python,True
EMP-215,Demo Sales initiative,Sales,True
EMP-216,Demo Sales initiative,Sales,True
EMP-217,Demo Research & Development initiative,Python,True
EMP-218,Demo Research & Development initiative,Python,True
EMP-221,Demo Research & Development initiative,Python,True
EMP-223,Demo Research & Development initiative,Python,True
EMP-224,Demo Research & Development initiative,Python,True
EMP-226,Demo Research & Development initiative,Python,True
EMP-227,Demo Research & Development initiative,Python,True
EMP-228,Demo Sales initiative,Sales,True
EMP-230,Demo Sales initiative,Sales,True
EMP-231,Demo Research & Development initiative,Python,True
EMP-233,Demo Research & Development initiative,Python,True
EMP-235,Demo Sales initiative,Sales,True
EMP-238,Demo Research & Development initiative,Python,True
EMP-239,Demo Research & Development initiative,Python,True
EMP-240,Demo Sales initiative,Sales,True
EMP-241,Demo Research & Development initiative,Python,True
EMP-242,Demo Research & Development initiative,Python,True
EMP-243,Demo Research & Development initiative,Python,True
EMP-244,Demo Sales initiative,Sales,True
EMP-245,Demo Research & Development initiative,Python,True
EMP-246,Demo Research & Development initiative,Python,True
EMP-247,Demo Research & Development initiative,Python,True
EMP-248,Demo Sales initiative,Sales,True
EMP-249,Demo Research & Development initiative,Python,True
EMP-250,Demo Research & Development initiative,Python,True
EMP-252,Demo Research & Development initiative,Python,True
EMP-253,Demo Research & Development initiative,Python,True
EMP-254,Demo Research & Development initiative,Python,True
EMP-256,Demo Research & Development initiative,Python,True
EMP-258,Demo Research & Development initiative,Python,True
EMP-259,Demo Research & Development initiative,Python,True
EMP-260,Demo Research & Development initiative,Python,True
EMP-261,Demo Research & Development initiative,Python,True
EMP-262,Demo Research & Development initiative,Python,True
EMP-264,Demo Research & Development initiative,Python,True
EMP-267,Demo Research & Development initiative,Python,True
EMP-269,Demo Research & Development initiative,Python,True
EMP-270,Demo Research & Development initiative,Python,True
EMP-271,Demo Research & Development initiative,Python,True
EMP-273,Demo Research & Development initiative,Python,True
EMP-274,Demo Research & Development initiative,Python,True
EMP-275,Demo Research & Development initiative,Python,True
EMP-277,Demo Research & Development initiative,Python,True
EMP-281,Demo Research & Development initiative,Python,True
EMP-282,Demo Research & Development initiative,Python,True
EMP-283,Demo Sales initiative,Sales,True
EMP-284,Demo Research & Development initiative,Python,True
EMP-286,Demo Research & Development initiative,Python,True
EMP-287,Demo Research & Development initiative,Python,True
EMP-288,Demo Research & Development initiative,Python,True
EMP-291,Demo Sales initiative,Sales,True
EMP-292,Demo Research & Development initiative,Python,True
EMP-293,Demo Sales initiative,Sales,True
EMP-296,Demo Research & Development initiative,Python,True
EMP-297,Demo Research & Development initiative,Python,True
EMP-298,Demo Sales initiative,Sales,True
EMP-299,Demo Sales initiative,Sales,True
EMP-300,Demo Research & Development initiative,Python,True
EMP-302,Demo Sales initiative,Sales,True
EMP-303,Demo Sales initiative,Sales,True
EMP-304,Demo Research & Development initiative,Python,True
EMP-305,Demo Research & Development initiative,Python,True
EMP-306,Demo Research & Development initiative,Python,True
EMP-307,Demo Sales initiative,Sales,True
EMP-308,Demo Research & Development initiative,Python,True
EMP-309,Demo Research & Development initiative,Python,True
EMP-311,Demo Sales initiative,Sales,True
EMP-312,Demo Sales initiative,Sales,True
EMP-314,Demo Sales initiative,Sales,True
EMP-315,Demo Research & Development initiative,Python,True
EMP-316,Demo Research & Development initiative,Python,True
EMP-319,Demo Research & Development initiative,Python,True
EMP-321,Demo Human Resources initiative,Excel,True
EMP-323,Demo Sales initiative,Sales,True
EMP-325,Demo Research & Development initiative,Python,True
EMP-327,Demo Sales initiative,Sales,True
EMP-328,Demo Research & Development initiative,Python,True
EMP-329,Demo Sales initiative,Sales,True
EMP-330,Demo Sales initiative,Sales,True
EMP-331,Demo Research & Development initiative,Python,True
EMP-332,Demo Research & Development initiative,Python,True
EMP-333,Demo Sales initiative,Sales,True
EMP-334,Demo Research & Development initiative,Python,True
EMP-335,Demo Research & Development initiative,Python,True
EMP-336,Demo Research & Development initiative,Python,True
EMP-337,Demo Research & Development initiative,Python,True
EMP-338,Demo Research & Development initiative,Python,True
EMP-339,Demo Research & Development initiative,Python,True
EMP-340,Demo Research & Development initiative,Python,True
EMP-341,Demo Research & Development initiative,Python,True
EMP-342,Demo Research & Development initiative,Python,True
EMP-343,Demo Research & Development initiative,Python,True
EMP-346,Demo Research & Development initiative,Python,True
EMP-347,Demo Research & Development initiative,Python,True
EMP-349,Demo Sales initiative,Sales,True
EMP-350,Demo Research & Development initiative,Python,True
EMP-351,Demo Research & Development initiative,Python,True
EMP-352,Demo Research & Development initiative,Python,True
EMP-353,Demo Research & Development initiative,Python,True
EMP-355,Demo Research & Development initiative,Python,True
EMP-359,Demo Research & Development initiative,Python,True
EMP-361,Demo Sales initiative,Sales,True
EMP-362,Demo Research & Development initiative,Python,True
EMP-363,Demo Sales initiative,Sales,True
EMP-364,Demo Research & Development initiative,Python,True
EMP-366,Demo Sales initiative,Sales,True
EMP-367,Demo Research & Development initiative,Python,True
EMP-369,Demo Research & Development initiative,Python,True
EMP-372,Demo Research & Development initiative,Python,True
EMP-373,Demo Research & Development initiative,Python,True
EMP-374,Demo Research & Development initiative,Python,True
EMP-376,Demo Research & Development initiative,Python,True
EMP-377,Demo Research & Development initiative,Python,True
EMP-378,Demo Sales initiative,Sales,True
EMP-379,Demo Research & Development initiative,Python,True
EMP-380,Demo Research & Development initiative,Python,True
EMP-381,Demo Research & Development initiative,Python,True
EMP-382,Demo Sales initiative,Sales,True
EMP-384,Demo Research & Development initiative,Python,True
EMP-385,Demo Research & Development initiative,Python,True
EMP-386,Demo Research & Development initiative,Python,True
EMP-387,Demo Sales initiative,Sales,True
EMP-388,Demo Sales initiative,Sales,True
EMP-389,Demo Research & Development initiative,Python,True
EMP-390,Demo Research & Development initiative,Python,True
EMP-391,Demo Research & Development initiative,Python,True
EMP-392,Demo Research & Development initiative,Python,True
EMP-393,Demo Research & Development initiative,Python,True
EMP-394,Demo Research & Development initiative,Python,True
EMP-395,Demo Research & Development initiative,Python,True
EMP-396,Demo Research & Development initiative,Python,True
EMP-397,Demo Research & Development initiative,Python,True
EMP-399,Demo Sales initiative,Sales,True
EMP-401,Demo Sales initiative,Sales,True
EMP-403,Demo Research & Development initiative,Python,True
EMP-404,Demo Sales initiative,Sales,True
EMP-405,Demo Research & Development initiative,Python,True
EMP-406,Demo Sales initiative,Sales,True
EMP-407,Demo Research & Development initiative,Python,True
EMP-408,Demo Research & Development initiative,Python,True
EMP-410,Demo Sales initiative,Sales,True
EMP-411,Demo Sales initiative,Sales,True
EMP-412,Demo Research & Development initiative,Python,True
EMP-416,Demo Sales initiative,Sales,True
EMP-417,Demo Research & Development initiative,Python,True
EMP-419,Demo Research & Development initiative,Python,True
EMP-420,Demo Sales initiative,Sales,True
EMP-421,Demo Research & Development initiative,Python,True
EMP-422,Demo Research & Development initiative,Python,True
EMP-423,Demo Research & Development initiative,Python,True
EMP-424,Demo Human Resources initiative,Excel,True
EMP-425,Demo Research & Development initiative,Python,True
EMP-426,Demo Research & Development initiative,Python,True
EMP-428,Demo Research & Development initiative,Python,True
EMP-429,Demo Research & Development initiative,Python,True
EMP-430,Demo Research & Development initiative,Python,True
EMP-431,Demo Research & Development initiative,Python,True
EMP-433,Demo Research & Development initiative,Python,True
EMP-434,Demo Research & Development initiative,Python,True
EMP-436,Demo Sales initiative,Sales,True
EMP-437,Demo Sales initiative,Sales,True
EMP-438,Demo Sales initiative,Sales,True
EMP-439,Demo Research & Development initiative,Python,True
EMP-440,Demo Research & Development initiative,Python,True
EMP-441,Demo Research & Development initiative,Python,True
EMP-442,Demo Research & Development initiative,Python,True
EMP-444,Demo Research & Development initiative,Python,True
EMP-445,Demo Sales initiative,Sales,True
EMP-446,Demo Sales initiative,Sales,True
EMP-447,Demo Research & Development initiative,Python,True
EMP-448,Demo Research & Development initiative,Python,True
EMP-449,Demo Sales initiative,Sales,True
EMP-450,Demo Research & Development initiative,Python,True
EMP-451,Demo Research & Development initiative,Python,True
EMP-452,Demo Research & Development initiative,Python,True
EMP-453,Demo Sales initiative,Sales,True
EMP-454,Demo Research & Development initiative,Python,True
EMP-455,Demo Research & Development initiative,Python,True
EMP-456,Demo Sales initiative,Sales,True
EMP-458,Demo Sales initiative,Sales,True
EMP-460,Demo Research & Development initiative,Python,True
EMP-461,Demo Research & Development initiative,Python,True
EMP-462,Demo Research & Development initiative,Python,True
EMP-463,Demo Sales initiative,Sales,True
EMP-464,Demo Research & Development initiative,Python,True
EMP-465,Demo Research & Development initiative,Python,True
EMP-466,Demo Research & Development initiative,Python,True
EMP-467,Demo Sales initiative,Sales,True
EMP-468,Demo Research & Development initiative,Python,True
EMP-469,Demo Sales initiative,Sales,True
EMP-470,Demo Human Resources initiative,Excel,True
EMP-471,Demo Research & Development initiative,Python,True
EMP-473,Demo Sales initiative,Sales,True
EMP-474,Demo Research & Development initiative,Python,True
EMP-475,Demo Sales initiative,Sales,True
EMP-476,Demo Sales initiative,Sales,True
EMP-477,Demo Research & Development initiative,Python,True
EMP-478,Demo Sales initiative,Sales,True
EMP-479,Demo Sales initiative,Sales,True
EMP-481,Demo Sales initiative,Sales,True
EMP-482,Demo Research & Development initiative,Python,True
EMP-483,Demo Research & Development initiative,Python,True
EMP-484,Demo Sales initiative,Sales,True
EMP-485,Demo Sales initiative,Sales,True
EMP-486,Demo Research & Development initiative,Python,True
EMP-487,Demo Research & Development initiative,Python,True
EMP-488,Demo Sales initiative,Sales,True
EMP-491,Demo Research & Development initiative,Python,True
EMP-492,Demo Sales initiative,Sales,True
EMP-493,Demo Research & Development initiative,Python,True
EMP-494,Demo Sales initiative,Sales,True
EMP-495,Demo Research & Development initiative,Python,True
EMP-496,Demo Research & Development initiative,Python,True
EMP-497,Demo Research & Development initiative,Python,True
EMP-498,Demo Sales initiative,Sales,True
EMP-499,Demo Research & Development initiative,Python,True
EMP-500,Demo Sales initiative,Sales,True
EMP-501,Demo Research & Development initiative,Python,True
EMP-502,Demo Sales initiative,Sales,True
EMP-505,Demo Research & Development initiative,Python,True
EMP-507,Demo Sales initiative,Sales,True
EMP-508,Demo Sales initiative,Sales,True
EMP-510,Demo Research & Development initiative,Python,True
EMP-511,Demo Research & Development initiative,Python,True
EMP-513,Demo Sales initiative,Sales,True
EMP-514,Demo Research & Development initiative,Python,True
EMP-515,Demo Research & Development initiative,Python,True
EMP-516,Demo Sales initiative,Sales,True
EMP-517,Demo Research & Development initiative,Python,True
EMP-518,Demo Research & Development initiative,Python,True
EMP-520,Demo Research & Development initiative,Python,True
EMP-521,Demo Research & Development initiative,Python,True
EMP-522,Demo Research & Development initiative,Python,True
EMP-523,Demo Sales initiative,Sales,True
EMP-524,Demo Research & Development initiative,Python,True
EMP-525,Demo Research & Development initiative,Python,True
EMP-526,Demo Research & Development initiative,Python,True
EMP-527,Demo Sales initiative,Sales,True
EMP-529,Demo Research & Development initiative,Python,True
EMP-530,Demo Research & Development initiative,Python,True
EMP-531,Demo Research & Development initiative,Python,True
EMP-532,Demo Sales initiative,Sales,True
EMP-533,Demo Sales initiative,Sales,True
EMP-534,Demo Sales initiative,Sales,True
EMP-536,Demo Research & Development initiative,Python,True
EMP-538,Demo Research & Development initiative,Python,True
EMP-543,Demo Research & Development initiative,Python,True
EMP-544,Demo Research & Development initiative,Python,True
EMP-546,Demo Research & Development initiative,Python,True
EMP-547,Demo Research & Development initiative,Python,True
EMP-548,Demo Research & Development initiative,Python,True
EMP-549,Demo Research & Development initiative,Python,True
EMP-550,Demo Research & Development initiative,Python,True
EMP-551,Demo Research & Development initiative,Python,True
EMP-554,Demo Sales initiative,Sales,True
EMP-555,Demo Sales initiative,Sales,True
EMP-556,Demo Research & Development initiative,Python,True
EMP-558,Demo Sales initiative,Sales,True
EMP-560,Demo Research & Development initiative,Python,True
EMP-562,Demo Research & Development initiative,Python,True
EMP-564,Demo Research & Development initiative,Python,True
EMP-565,Demo Research & Development initiative,Python,True
EMP-566,Demo Human Resources initiative,Excel,True
EMP-567,Demo Sales initiative,Sales,True
EMP-568,Demo Sales initiative,Sales,True
EMP-569,Demo Research & Development initiative,Python,True
EMP-571,Demo Research & Development initiative,Python,True
EMP-573,Demo Sales initiative,Sales,True
EMP-574,Demo Research & Development initiative,Python,True
EMP-575,Demo Research & Development initiative,Python,True
EMP-577,Demo Research & Development initiative,Python,True
EMP-578,Demo Research & Development initiative,Python,True
EMP-579,Demo Research & Development initiative,Python,True
EMP-580,Demo Sales initiative,Sales,True
EMP-581,Demo Research & Development initiative,Python,True
EMP-582,Demo Research & Development initiative,Python,True
EMP-584,Demo Research & Development initiative,Python,True
EMP-585,Demo Sales initiative,Sales,True
EMP-586,Demo Research & Development initiative,Python,True
EMP-587,Demo Research & Development initiative,Python,True
EMP-590,Demo Human Resources initiative,Excel,True
EMP-591,Demo Research & Development initiative,Python,True
EMP-592,Demo Sales initiative,Sales,True
EMP-593,Demo Research & Development initiative,Python,True
EMP-595,Demo Sales initiative,Sales,True
EMP-597,Demo Sales initiative,Sales,True
EMP-599,Demo Sales initiative,Sales,True
EMP-600,Demo Sales initiative,Sales,True
EMP-601,Demo Research & Development initiative,Python,True
EMP-602,Demo Research & Development initiative,Python,True
EMP-604,Demo Sales initiative,Sales,True
EMP-605,Demo Research & Development initiative,Python,True
EMP-606,Demo Sales initiative,Sales,True
EMP-608,Demo Human Resources initiative,Excel,True
EMP-611,Demo Research & Development initiative,Python,True
EMP-612,Demo Research & Development initiative,Python,True
EMP-613,Demo Sales initiative,Sales,True
EMP-614,Demo Sales initiative,Sales,True
EMP-615,Demo Sales initiative,Sales,True
EMP-616,Demo Research & Development initiative,Python,True
EMP-618,Demo Sales initiative,Sales,True
EMP-620,Demo Sales initiative,Sales,True
EMP-621,Demo Sales initiative,Sales,True
EMP-622,Demo Research & Development initiative,Python,True
EMP-623,Demo Research & Development initiative,Python,True
EMP-624,Demo Research & Development initiative,Python,True
EMP-625,Demo Sales initiative,Sales,True
EMP-626,Demo Sales initiative,Sales,True
EMP-630,Demo Research & Development initiative,Python,True
EMP-631,Demo Sales initiative,Sales,True
EMP-632,Demo Sales initiative,Sales,True
EMP-634,Demo Research & Development initiative,Python,True
EMP-635,Demo Research & Development initiative,Python,True
EMP-638,Demo Research & Development initiative,Python,True
EMP-639,Demo Research & Development initiative,Python,True
EMP-641,Demo Sales initiative,Sales,True
EMP-643,Demo Research & Development initiative,Python,True
EMP-644,Demo Human Resources initiative,Excel,True
EMP-645,Demo Sales initiative,Sales,True
EMP-647,Demo Research & Development initiative,Python,True
EMP-648,Demo Sales initiative,Sales,True
EMP-649,Demo Research & Development initiative,Python,True
EMP-650,Demo Sales initiative,Sales,True
EMP-652,Demo Research & Development initiative,Python,True
EMP-653,Demo Sales initiative,Sales,True
EMP-655,Demo Research & Development initiative,Python,True
EMP-656,Demo Sales initiative,Sales,True
EMP-657,Demo Research & Development initiative,Python,True
EMP-659,Demo Research & Development initiative,Python,True
EMP-661,Demo Research & Development initiative,Python,True
EMP-662,Demo Research & Development initiative,Python,True
EMP-663,Demo Research & Development initiative,Python,True
EMP-664,Demo Research & Development initiative,Python,True
EMP-665,Demo Human Resources initiative,Excel,True
EMP-666,Demo Sales initiative,Sales,True
EMP-667,Demo Sales initiative,Sales,True
EMP-669,Demo Sales initiative,Sales,True
EMP-671,Demo Research & Development initiative,Python,True
EMP-675,Demo Research & Development initiative,Python,True
EMP-677,Demo Sales initiative,Sales,True
EMP-679,Demo Research & Development initiative,Python,True
EMP-680,Demo Research & Development initiative,Python,True
EMP-682,Demo Sales initiative,Sales,True
EMP-683,Demo Research & Development initiative,Python,True
EMP-684,Demo Sales initiative,Sales,True
EMP-686,Demo Research & Development initiative,Python,True
EMP-689,Demo Research & Development initiative,Python,True
EMP-690,Demo Sales initiative,Sales,True
EMP-691,Demo Research & Development initiative,Python,True
EMP-692,Demo Research & Development initiative,Python,True
EMP-698,Demo Human Resources initiative,Excel,True
EMP-699,Demo Research & Development initiative,Python,True
EMP-700,Demo Research & Development initiative,Python,True
EMP-701,Demo Research & Development initiative,Python,True
EMP-702,Demo Research & Development initiative,Python,True
EMP-704,Demo Research & Development initiative,Python,True
EMP-705,Demo Research & Development initiative,Python,True
EMP-707,Demo Sales initiative,Sales,True
EMP-709,Demo Sales initiative,Sales,True
EMP-710,Demo Research & Development initiative,Python,True
EMP-712,Demo Sales initiative,Sales,True
EMP-714,Demo Sales initiative,Sales,True
EMP-715,Demo Research & Development initiative,Python,True
EMP-716,Demo Research & Development initiative,Python,True
EMP-717,Demo Research & Development initiative,Python,True
EMP-720,Demo Sales initiative,Sales,True
EMP-721,Demo Research & Development initiative,Python,True
EMP-722,Demo Sales initiative,Sales,True
EMP-723,Demo Sales initiative,Sales,True
EMP-724,Demo Research & Development initiative,Python,True
EMP-725,Demo Research & Development initiative,Python,True
EMP-727,Demo Research & Development initiative,Python,True
EMP-728,Demo Sales initiative,Sales,True
EMP-729,Demo Sales initiative,Sales,True
EMP-730,Demo Research & Development initiative,Python,True
EMP-731,Demo Human Resources initiative,Excel,True
EMP-732,Demo Sales initiative,Sales,True
EMP-733,Demo Research & Development initiative,Python,True
EMP-734,Demo Human Resources initiative,Excel,True
EMP-738,Demo Sales initiative,Sales,True
EMP-741,Demo Research & Development initiative,Python,True
EMP-742,Demo Research & Development initiative,Python,True
EMP-743,Demo Research & Development initiative,Python,True
EMP-744,Demo Research & Development initiative,Python,True
EMP-746,Demo Sales initiative,Sales,True
EMP-747,Demo Sales initiative,Sales,True
EMP-749,Demo Sales initiative,Sales,True
EMP-752,Demo Research & Development initiative,Python,True
EMP-754,Demo Sales initiative,Sales,True
EMP-757,Demo Research & Development initiative,Python,True
EMP-758,Demo Research & Development initiative,Python,True
EMP-760,Demo Human Resources initiative,Excel,True
EMP-762,Demo Research & Development initiative,Python,True
EMP-763,Demo Research & Development initiative,Python,True
EMP-764,Demo Research & Development initiative,Python,True
EMP-766,Demo Sales initiative,Sales,True
EMP-769,Demo Research & Development initiative,Python,True
EMP-771,Demo Research & Development initiative,Python,True
EMP-772,Demo Research & Development initiative,Python,True
EMP-773,Demo Research & Development initiative,Python,True
EMP-775,Demo Research & Development initiative,Python,True
EMP-776,Demo Sales initiative,Sales,True
EMP-780,Demo Research & Development initiative,Python,True
EMP-781,Demo Sales initiative,Sales,True
EMP-783,Demo Sales initiative,Sales,True
EMP-784,Demo Research & Development initiative,Python,True
EMP-785,Demo Sales initiative,Sales,True
EMP-786,Demo Sales initiative,Sales,True
EMP-787,Demo Research & Development initiative,Python,True
EMP-789,Demo Sales initiative,Sales,True
EMP-791,Demo Research & Development initiative,Python,True
EMP-792,Demo Research & Development initiative,Python,True
EMP-793,Demo Research & Development initiative,Python,True
EMP-796,Demo Sales initiative,Sales,True
EMP-797,Demo Research & Development initiative,Python,True
EMP-799,Demo Research & Development initiative,Python,True
EMP-800,Demo Sales initiative,Sales,True
EMP-802,Demo Research & Development initiative,Python,True
EMP-803,Demo Research & Development initiative,Python,True
EMP-804,Demo Research & Development initiative,Python,True
EMP-805,Demo Sales initiative,Sales,True
EMP-806,Demo Research & Development initiative,Python,True
EMP-807,Demo Research & Development initiative,Python,True
EMP-808,Demo Sales initiative,Sales,True
EMP-809,Demo Research & Development initiative,Python,True
EMP-811,Demo Research & Development initiative,Python,True
EMP-812,Demo Research & Development initiative,Python,True
EMP-813,Demo Research & Development initiative,Python,True
EMP-815,Demo Research & Development initiative,Python,True
EMP-816,Demo Research & Development initiative,Python,True
EMP-817,Demo Research & Development initiative,Python,True
EMP-819,Demo Sales initiative,Sales,True
EMP-820,Demo Research & Development initiative,Python,True
EMP-823,Demo Research & Development initiative,Python,True
EMP-824,Demo Research & Development initiative,Python,True
EMP-825,Demo Research & Development initiative,Python,True
EMP-826,Demo Research & Development initiative,Python,True
EMP-827,Demo Research & Development initiative,Python,True
EMP-828,Demo Research & Development initiative,Python,True
EMP-829,Demo Human Resources initiative,Excel,True
EMP-830,Demo Research & Development initiative,Python,True
EMP-832,Demo Research & Development initiative,Python,True
EMP-833,Demo Research & Development initiative,Python,True
EMP-834,Demo Research & Development initiative,Python,True
EMP-836,Demo Research & Development initiative,Python,True
EMP-837,Demo Research & Development initiative,Python,True
EMP-838,Demo Research & Development initiative,Python,True
EMP-840,Demo Sales initiative,Sales,True
EMP-842,Demo Sales initiative,Sales,True
EMP-843,Demo Research & Development initiative,Python,True
EMP-844,Demo Research & Development initiative,Python,True
EMP-845,Demo Research & Development initiative,Python,True
EMP-846,Demo Sales initiative,Sales,True
EMP-847,Demo Human Resources initiative,Excel,True
EMP-848,Demo Research & Development initiative,Python,True
EMP-850,Demo Research & Development initiative,Python,True
EMP-851,Demo Sales initiative,Sales,True
EMP-852,Demo Research & Development initiative,Python,True
EMP-854,Demo Research & Development initiative,Python,True
EMP-855,Demo Sales initiative,Sales,True
EMP-856,Demo Research & Development initiative,Python,True
EMP-857,Demo Sales initiative,Sales,True
EMP-859,Demo Sales initiative,Sales,True
EMP-861,Demo Research & Development initiative,Python,True
EMP-862,Demo Sales initiative,Sales,True
EMP-864,Demo Sales initiative,Sales,True
EMP-865,Demo Research & Development initiative,Python,True
EMP-867,Demo Research & Development initiative,Python,True
EMP-868,Demo Sales initiative,Sales,True
EMP-869,Demo Human Resources initiative,Excel,True
EMP-872,Demo Research & Development initiative,Python,True
EMP-874,Demo Research & Development initiative,Python,True
EMP-875,Demo Research & Development initiative,Python,True
EMP-878,Demo Human Resources initiative,Excel,True
EMP-879,Demo Sales initiative,Sales,True
EMP-880,Demo Research & Development initiative,Python,True
EMP-881,Demo Research & Development initiative,Python,True
EMP-882,Demo Research & Development initiative,Python,True
EMP-885,Demo Sales initiative,Sales,True
EMP-887,Demo Research & Development initiative,Python,True
EMP-888,Demo Research & Development initiative,Python,True
EMP-889,Demo Sales initiative,Sales,True
EMP-893,Demo Sales initiative,Sales,True
EMP-894,Demo Research & Development initiative,Python,True
EMP-895,Demo Research & Development initiative,Python,True
EMP-896,Demo Sales initiative,Sales,True
EMP-897,Demo Sales initiative,Sales,True
EMP-899,Demo Research & Development initiative,Python,True
EMP-900,Demo Sales initiative,Sales,True
EMP-901,Demo Research & Development initiative,Python,True
EMP-902,Demo Research & Development initiative,Python,True
EMP-903,Demo Sales initiative,Sales,True
EMP-904,Demo Sales initiative,Sales,True
EMP-905,Demo Research & Development initiative,Python,True
EMP-909,Demo Human Resources initiative,Excel,True
EMP-910,Demo Human Resources initiative,Excel,True
EMP-911,Demo Research & Development initiative,Python,True
EMP-912,Demo Research & Development initiative,Python,True
EMP-913,Demo Research & Development initiative,Python,True
EMP-916,Demo Sales initiative,Sales,True
EMP-918,Demo Research & Development initiative,Python,True
EMP-920,Demo Research & Development initiative,Python,True
EMP-922,Demo Sales initiative,Sales,True
EMP-923,Demo Research & Development initiative,Python,True
EMP-924,Demo Research & Development initiative,Python,True
EMP-925,Demo Sales initiative,Sales,True
EMP-926,Demo Research & Development initiative,Python,True
EMP-927,Demo Research & Development initiative,Python,True
EMP-930,Demo Research & Development initiative,Python,True
EMP-932,Demo Research & Development initiative,Python,True
EMP-933,Demo Research & Development initiative,Python,True
EMP-934,Demo Research & Development initiative,Python,True
EMP-936,Demo Sales initiative,Sales,True
EMP-939,Demo Research & Development initiative,Python,True
EMP-940,Demo Research & Development initiative,Python,True
EMP-941,Demo Sales initiative,Sales,True
EMP-942,Demo Research & Development initiative,Python,True
EMP-944,Demo Research & Development initiative,Python,True
EMP-945,Demo Research & Development initiative,Python,True
EMP-947,Demo Sales initiative,Sales,True
EMP-949,Demo Research & Development initiative,Python,True
EMP-950,Demo Research & Development initiative,Python,True
EMP-951,Demo Research & Development initiative,Python,True
EMP-952,Demo Sales initiative,Sales,True
EMP-954,Demo Sales initiative,Sales,True
EMP-956,Demo Sales initiative,Sales,True
EMP-957,Demo Research & Development initiative,Python,True
EMP-958,Demo Research & Development initiative,Python,True
EMP-959,Demo Sales initiative,Sales,True
EMP-960,Demo Research & Development initiative,Python,True
EMP-961,Demo Research & Development initiative,Python,True
EMP-964,Demo Research & Development initiative,Python,True
EMP-966,Demo Research & Development initiative,Python,True
EMP-967,Demo Sales initiative,Sales,True
EMP-969,Demo Research & Development initiative,Python,True
EMP-970,Demo Sales initiative,Sales,True
EMP-972,Demo Research & Development initiative,Python,True
EMP-974,Demo Sales initiative,Sales,True
EMP-975,Demo Sales initiative,Sales,True
EMP-976,Demo Research & Development initiative,Python,True
EMP-977,Demo Research & Development initiative,Python,True
EMP-981,Demo Sales initiative,Sales,True
EMP-982,Demo Sales initiative,Sales,True
EMP-983,Demo Sales initiative,Sales,True
EMP-984,Demo Sales initiative,Sales,True
EMP-985,Demo Sales initiative,Sales,True
EMP-986,Demo Sales initiative,Sales,True
EMP-987,Demo Research & Development initiative,Python,True
EMP-990,Demo Sales initiative,Sales,True
EMP-991,Demo Research & Development initiative,Python,True
EMP-992,Demo Sales initiative,Sales,True
EMP-994,Demo Research & Development initiative,Python,True
EMP-995,Demo Research & Development initiative,Python,True
EMP-996,Demo Research & Development initiative,Python,True
EMP-997,Demo Research & Development initiative,Python,True
EMP-998,Demo Research & Development initiative,Python,True
EMP-999,Demo Research & Development initiative,Python,True
EMP-1001,Demo Research & Development initiative,Python,True
EMP-1002,Demo Research & Development initiative,Python,True
EMP-1003,Demo Sales initiative,Sales,True
EMP-1004,Demo Research & Development initiative,Python,True
EMP-1005,Demo Research & Development initiative,Python,True
EMP-1006,Demo Research & Development initiative,Python,True
EMP-1007,Demo Research & Development initiative,Python,True
EMP-1009,Demo Research & Development initiative,Python,True
EMP-1010,Demo Research & Development initiative,Python,True
EMP-1011,Demo Research & Development initiative,Python,True
EMP-1012,Demo Research & Development initiative,Python,True
EMP-1013,Demo Research & Development initiative,Python,True
EMP-1014,Demo Research & Development initiative,Python,True
EMP-1015,Demo Research & Development initiative,Python,True
EMP-1016,Demo Research & Development initiative,Python,True
EMP-1017,Demo Research & Development initiative,Python,True
EMP-1018,Demo Research & Development initiative,Python,True
EMP-1019,Demo Research & Development initiative,Python,True
EMP-1022,Demo Research & Development initiative,Python,True
EMP-1024,Demo Research & Development initiative,Python,True
EMP-1025,Demo Research & Development initiative,Python,True
EMP-1026,Demo Research & Development initiative,Python,True
EMP-1027,Demo Research & Development initiative,Python,True
EMP-1028,Demo Research & Development initiative,Python,True
EMP-1029,Demo Sales initiative,Sales,True
EMP-1030,Demo Research & Development initiative,Python,True
EMP-1032,Demo Research & Development initiative,Python,True
EMP-1033,Demo Research & Development initiative,Python,True
EMP-1034,Demo Research & Development initiative,Python,True
EMP-1035,Demo Research & Development initiative,Python,True
EMP-1036,Demo Sales initiative,Sales,True
EMP-1037,Demo Sales initiative,Sales,True
EMP-1038,Demo Sales initiative,Sales,True
EMP-1039,Demo Sales initiative,Sales,True
EMP-1040,Demo Sales initiative,Sales,True
EMP-1042,Demo Research & Development initiative,Python,True
EMP-1043,Demo Research & Development initiative,Python,True
EMP-1044,Demo Sales initiative,Sales,True
EMP-1045,Demo Sales initiative,Sales,True
EMP-1046,Demo Research & Development initiative,Python,True
EMP-1047,Demo Sales initiative,Sales,True
EMP-1048,Demo Sales initiative,Sales,True
EMP-1049,Demo Human Resources initiative,Excel,True
EMP-1050,Demo Sales initiative,Sales,True
EMP-1052,Demo Research & Development initiative,Python,True
EMP-1053,Demo Research & Development initiative,Python,True
EMP-1055,Demo Sales initiative,Sales,True
EMP-1056,Demo Sales initiative,Sales,True
EMP-1060,Demo Research & Development initiative,Python,True
EMP-1061,Demo Research & Development initiative,Python,True
EMP-1062,Demo Research & Development initiative,Python,True
EMP-1066,Demo Sales initiative,Sales,True
EMP-1068,Demo Research & Development initiative,Python,True
EMP-1069,Demo Research & Development initiative,Python,True
EMP-1070,Demo Sales initiative,Sales,True
EMP-1071,Demo Research & Development initiative,Python,True
EMP-1073,Demo Research & Development initiative,Python,True
EMP-1074,Demo Research & Development initiative,Python,True
EMP-1076,Demo Sales initiative,Sales,True
EMP-1077,Demo Sales initiative,Sales,True
EMP-1079,Demo Research & Development initiative,Python,True
EMP-1080,Demo Research & Development initiative,Python,True
EMP-1081,Demo Research & Development initiative,Python,True
EMP-1082,Demo Research & Development initiative,Python,True
EMP-1083,Demo Research & Development initiative,Python,True
EMP-1084,Demo Research & Development initiative,Python,True
EMP-1085,Demo Research & Development initiative,Python,True
EMP-1088,Demo Research & Development initiative,Python,True
EMP-1092,Demo Research & Development initiative,Python,True
EMP-1094,Demo Research & Development initiative,Python,True
EMP-1096,Demo Research & Development initiative,Python,True
EMP-1097,Demo Research & Development initiative,Python,True
EMP-1098,Demo Human Resources initiative,Excel,True
EMP-1099,Demo Research & Development initiative,Python,True
EMP-1100,Demo Sales initiative,Sales,True
EMP-1101,Demo Research & Development initiative,Python,True
EMP-1102,Demo Research & Development initiative,Python,True
EMP-1103,Demo Research & Development initiative,Python,True
EMP-1105,Demo Sales initiative,Sales,True
EMP-1106,Demo Research & Development initiative,Python,True
EMP-1107,Demo Research & Development initiative,Python,True
EMP-1108,Demo Research & Development initiative,Python,True
EMP-1109,Demo Research & Development initiative,Python,True
EMP-1111,Demo Research & Development initiative,Python,True
EMP-1113,Demo Sales initiative,Sales,True
EMP-1114,Demo Sales initiative,Sales,True
EMP-1115,Demo Research & Development initiative,Python,True
EMP-1116,Demo Research & Development initiative,Python,True
EMP-1117,Demo Sales initiative,Sales,True
EMP-1118,Demo Research & Development initiative,Python,True
EMP-1119,Demo Sales initiative,Sales,True
EMP-1120,Demo Research & Development initiative,Python,True
EMP-1121,Demo Research & Development initiative,Python,True
EMP-1124,Demo Sales initiative,Sales,True
EMP-1125,Demo Sales initiative,Sales,True
EMP-1126,Demo Research & Development initiative,Python,True
EMP-1127,Demo Research & Development initiative,Python,True
EMP-1128,Demo Research & Development initiative,Python,True
EMP-1131,Demo Research & Development initiative,Python,True
EMP-1132,Demo Research & Development initiative,Python,True
EMP-1133,Demo Research & Development initiative,Python,True
EMP-1135,Demo Sales initiative,Sales,True
EMP-1136,Demo Research & Development initiative,Python,True
EMP-1137,Demo Sales initiative,Sales,True
EMP-1138,Demo Sales initiative,Sales,True
EMP-1140,Demo Research & Development initiative,Python,True
EMP-1143,Demo Research & Development initiative,Python,True
EMP-1148,Demo Research & Development initiative,Python,True
EMP-1150,Demo Research & Development initiative,Python,True
EMP-1152,Demo Human Resources initiative,Excel,True
EMP-1154,Demo Research & Development initiative,Python,True
EMP-1156,Demo Research & Development initiative,Python,True
EMP-1157,Demo Sales initiative,Sales,True
EMP-1158,Demo Research & Development initiative,Python,True
EMP-1160,Demo Research & Development initiative,Python,True
EMP-1161,Demo Research & Development initiative,Python,True
EMP-1162,Demo Research & Development initiative,Python,True
EMP-1163,Demo Sales initiative,Sales,True
EMP-1164,Demo Human Resources initiative,Excel,True
EMP-1165,Demo Sales initiative,Sales,True
EMP-1166,Demo Research & Development initiative,Python,True
EMP-1167,Demo Sales initiative,Sales,True
EMP-1171,Demo Sales initiative,Sales,True
EMP-1172,Demo Research & Development initiative,Python,True
EMP-1173,Demo Research & Development initiative,Python,True
EMP-1175,Demo Research & Development initiative,Python,True
EMP-1177,Demo Research & Development initiative,Python,True
EMP-1179,Demo Sales initiative,Sales,True
EMP-1180,Demo Research & Development initiative,Python,True
EMP-1182,Demo Research & Development initiative,Python,True
EMP-1184,Demo Research & Development initiative,Python,True
EMP-1185,Demo Research & Development initiative,Python,True
EMP-1188,Demo Sales initiative,Sales,True
EMP-1190,Demo Sales initiative,Sales,True
EMP-1191,Demo Research & Development initiative,Python,True
EMP-1192,Demo Research & Development initiative,Python,True
EMP-1193,Demo Research & Development initiative,Python,True
EMP-1195,Demo Research & Development initiative,Python,True
EMP-1196,Demo Research & Development initiative,Python,True
EMP-1198,Demo Research & Development initiative,Python,True
EMP-1200,Demo Research & Development initiative,Python,True
EMP-1201,Demo Research & Development initiative,Python,True
EMP-1202,Demo Research & Development initiative,Python,True
EMP-1203,Demo Research & Development initiative,Python,True
EMP-1204,Demo Sales initiative,Sales,True
EMP-1206,Demo Research & Development initiative,Python,True
EMP-1207,Demo Human Resources initiative,Excel,True
EMP-1210,Demo Research & Development initiative,Python,True
EMP-1211,Demo Sales initiative,Sales,True
EMP-1212,Demo Sales initiative,Sales,True
EMP-1215,Demo Research & Development initiative,Python,True
EMP-1216,Demo Research & Development initiative,Python,True
EMP-1217,Demo Research & Development initiative,Python,True
EMP-1218,Demo Sales initiative,Sales,True
EMP-1219,Demo Research & Development initiative,Python,True
EMP-1220,Demo Sales initiative,Sales,True
EMP-1221,Demo Research & Development initiative,Python,True
EMP-1224,Demo Research & Development initiative,Python,True
EMP-1225,Demo Research & Development initiative,Python,True
EMP-1226,Demo Sales initiative,Sales,True
EMP-1228,Demo Research & Development initiative,Python,True
EMP-1231,Demo Human Resources initiative,Excel,True
EMP-1233,Demo Sales initiative,Sales,True
EMP-1234,Demo Research & Development initiative,Python,True
EMP-1235,Demo Research & Development initiative,Python,True
EMP-1237,Demo Research & Development initiative,Python,True
EMP-1238,Demo Research & Development initiative,Python,True
EMP-1239,Demo Sales initiative,Sales,True
EMP-1240,Demo Sales initiative,Sales,True
EMP-1241,Demo Research & Development initiative,Python,True
EMP-1242,Demo Research & Development initiative,Python,True
EMP-1243,Demo Sales initiative,Sales,True
EMP-1244,Demo Research & Development initiative,Python,True
EMP-1245,Demo Research & Development initiative,Python,True
EMP-1246,Demo Research & Development initiative,Python,True
EMP-1248,Demo Research & Development initiative,Python,True
EMP-1249,Demo Research & Development initiative,Python,True
EMP-1250,Demo Research & Development initiative,Python,True
EMP-1251,Demo Research & Development initiative,Python,True
EMP-1252,Demo Research & Development initiative,Python,True
EMP-1254,Demo Sales initiative,Sales,True
EMP-1255,Demo Research & Development initiative,Python,True
EMP-1256,Demo Research & Development initiative,Python,True
EMP-1257,Demo Research & Development initiative,Python,True
EMP-1258,Demo Research & Development initiative,Python,True
EMP-1259,Demo Research & Development initiative,Python,True
EMP-1260,Demo Research & Development initiative,Python,True
EMP-1263,Demo Research & Development initiative,Python,True
EMP-1264,Demo Research & Development initiative,Python,True
EMP-1265,Demo Research & Development initiative,Python,True
EMP-1267,Demo Sales initiative,Sales,True
EMP-1268,Demo Sales initiative,Sales,True
EMP-1269,Demo Research & Development initiative,Python,True
EMP-1270,Demo Research & Development initiative,Python,True
EMP-1273,Demo Sales initiative,Sales,True
EMP-1275,Demo Research & Development initiative,Python,True
EMP-1277,Demo Sales initiative,Sales,True
EMP-1278,Demo Research & Development initiative,Python,True
EMP-1279,Demo Research & Development initiative,Python,True
EMP-1280,Demo Sales initiative,Sales,True
EMP-1281,Demo Sales initiative,Sales,True
EMP-1282,Demo Sales initiative,Sales,True
EMP-1283,Demo Research & Development initiative,Python,True
EMP-1285,Demo Research & Development initiative,Python,True
EMP-1286,Demo Research & Development initiative,Python,True
EMP-1288,Demo Research & Development initiative,Python,True
EMP-1289,Demo Human Resources initiative,Excel,True
EMP-1291,Demo Research & Development initiative,Python,True
EMP-1292,Demo Research & Development initiative,Python,True
EMP-1293,Demo Sales initiative,Sales,True
EMP-1294,Demo Research & Development initiative,Python,True
EMP-1295,Demo Research & Development initiative,Python,True
EMP-1296,Demo Research & Development initiative,Python,True
EMP-1297,Demo Research & Development initiative,Python,True
EMP-1298,Demo Research & Development initiative,Python,True
EMP-1299,Demo Research & Development initiative,Python,True
EMP-1301,Demo Research & Development initiative,Python,True
EMP-1303,Demo Research & Development initiative,Python,True
EMP-1304,Demo Sales initiative,Sales,True
EMP-1306,Demo Research & Development initiative,Python,True
EMP-1307,Demo Research & Development initiative,Python,True
EMP-1308,Demo Research & Development initiative,Python,True
EMP-1309,Demo Research & Development initiative,Python,True
EMP-1310,Demo Research & Development initiative,Python,True
EMP-1311,Demo Research & Development initiative,Python,True
EMP-1312,Demo Research & Development initiative,Python,True
EMP-1314,Demo Human Resources initiative,Excel,True
EMP-1315,Demo Research & Development initiative,Python,True
EMP-1317,Demo Research & Development initiative,Python,True
EMP-1318,Demo Sales initiative,Sales,True
EMP-1319,Demo Sales initiative,Sales,True
EMP-1321,Demo Research & Development initiative,Python,True
EMP-1322,Demo Research & Development initiative,Python,True
EMP-1324,Demo Sales initiative,Sales,True
EMP-1329,Demo Sales initiative,Sales,True
EMP-1331,Demo Sales initiative,Sales,True
EMP-1333,Demo Research & Development initiative,Python,True
EMP-1334,Demo Research & Development initiative,Python,True
EMP-1336,Demo Research & Development initiative,Python,True
EMP-1338,Demo Human Resources initiative,Excel,True
EMP-1340,Demo Research & Development initiative,Python,True
EMP-1344,Demo Research & Development initiative,Python,True
EMP-1346,Demo Research & Development initiative,Python,True
EMP-1349,Demo Sales initiative,Sales,True
EMP-1350,Demo Research & Development initiative,Python,True
EMP-1352,Demo Human Resources initiative,Excel,True
EMP-1355,Demo Sales initiative,Sales,True
EMP-1356,Demo Sales initiative,Sales,True
EMP-1358,Demo Research & Development initiative,Python,True
EMP-1360,Demo Research & Development initiative,Python,True
EMP-1361,Demo Research & Development initiative,Python,True
EMP-1362,Demo Sales initiative,Sales,True
EMP-1363,Demo Research & Development initiative,Python,True
EMP-1364,Demo Sales initiative,Sales,True
EMP-1367,Demo Research & Development initiative,Python,True
EMP-1368,Demo Research & Development initiative,Python,True
EMP-1369,Demo Research & Development initiative,Python,True
EMP-1371,Demo Sales initiative,Sales,True
EMP-1372,Demo Sales initiative,Sales,True
EMP-1373,Demo Research & Development initiative,Python,True
EMP-1374,Demo Research & Development initiative,Python,True
EMP-1375,Demo Research & Development initiative,Python,True
EMP-1377,Demo Research & Development initiative,Python,True
EMP-1379,Demo Sales initiative,Sales,True
EMP-1380,Demo Sales initiative,Sales,True
EMP-1382,Demo Research & Development initiative,Python,True
EMP-1383,Demo Research & Development initiative,Python,True
EMP-1387,Demo Sales initiative,Sales,True
EMP-1389,Demo Research & Development initiative,Python,True
EMP-1390,Demo Sales initiative,Sales,True
EMP-1391,Demo Sales initiative,Sales,True
EMP-1392,Demo Research & Development initiative,Python,True
EMP-1394,Demo Research & Development initiative,Python,True
EMP-1395,Demo Sales initiative,Sales,True
EMP-1396,Demo Sales initiative,Sales,True
EMP-1397,Demo Research & Development initiative,Python,True
EMP-1399,Demo Sales initiative,Sales,True
EMP-1401,Demo Research & Development initiative,Python,True
EMP-1402,Demo Research & Development initiative,Python,True
EMP-1403,Demo Sales initiative,Sales,True
EMP-1405,Demo Research & Development initiative,Python,True
EMP-1407,Demo Research & Development initiative,Python,True
EMP-1408,Demo Human Resources initiative,Excel,True
EMP-1409,Demo Research & Development initiative,Python,True
EMP-1411,Demo Research & Development initiative,Python,True
EMP-1412,Demo Research & Development initiative,Python,True
EMP-1415,Demo Research & Development initiative,Python,True
EMP-1417,Demo Research & Development initiative,Python,True
EMP-1419,Demo Human Resources initiative,Excel,True
EMP-1420,Demo Research & Development initiative,Python,True
EMP-1421,Demo Research & Development initiative,Python,True
EMP-1422,Demo Research & Development initiative,Python,True
EMP-1423,Demo Research & Development initiative,Python,True
EMP-1424,Demo Research & Development initiative,Python,True
EMP-1425,Demo Sales initiative,Sales,True
EMP-1427,Demo Sales initiative,Sales,True
EMP-1428,Demo Sales initiative,Sales,True
EMP-1430,Demo Research & Development initiative,Python,True
EMP-1431,Demo Research & Development initiative,Python,True
EMP-1433,Demo Research & Development initiative,Python,True
EMP-1434,Demo Research & Development initiative,Python,True
EMP-1435,Demo Research & Development initiative,Python,True
EMP-1436,Demo Sales initiative,Sales,True
EMP-1438,Demo Research & Development initiative,Python,True
EMP-1439,Demo Sales initiative,Sales,True
EMP-1440,Demo Research & Development initiative,Python,True
EMP-1441,Demo Research & Development initiative,Python,True
EMP-1443,Demo Research & Development initiative,Python,True
EMP-1445,Demo Sales initiative,Sales,True
EMP-1446,Demo Sales initiative,Sales,True
EMP-1447,Demo Research & Development initiative,Python,True
EMP-1448,Demo Research & Development initiative,Python,True
EMP-1449,Demo Research & Development initiative,Python,True
EMP-1453,Demo Sales initiative,Sales,True
EMP-1457,Demo Sales initiative,Sales,True
EMP-1458,Demo Research & Development initiative,Python,True
EMP-1459,Demo Research & Development initiative,Python,True
EMP-1460,Demo Research & Development initiative,Python,True
EMP-1461,Demo Human Resources initiative,Excel,True
EMP-1464,Demo Research & Development initiative,Python,True
EMP-1465,Demo Research & Development initiative,Python,True
EMP-1466,Demo Sales initiative,Sales,True
EMP-1467,Demo Human Resources initiative,Excel,True
EMP-1468,Demo Research & Development initiative,Python,True
EMP-1469,Demo Sales initiative,Sales,True
EMP-1471,Demo Research & Development initiative,Python,True
EMP-1472,Demo Research & Development initiative,Python,True
EMP-1473,Demo Research & Development initiative,Python,True
EMP-1474,Demo Research & Development initiative,Python,True
EMP-1475,Demo Research & Development initiative,Python,True
EMP-1477,Demo Sales initiative,Sales,True
EMP-1478,Demo Sales initiative,Sales,True
EMP-1479,Demo Sales initiative,Sales,True
EMP-1480,Demo Research & Development initiative,Python,True
EMP-1481,Demo Sales initiative,Sales,True
EMP-1482,Demo Research & Development initiative,Python,True
EMP-1483,Demo Research & Development initiative,Python,True
EMP-1484,Demo Research & Development initiative,Python,True
EMP-1485,Demo Research & Development initiative,Python,True
EMP-1486,Demo Sales initiative,Sales,True
EMP-1487,Demo Sales initiative,Sales,True
EMP-1489,Demo Sales initiative,Sales,True
EMP-1492,Demo Sales initiative,Sales,True
EMP-1494,Demo Research & Development initiative,Python,True
EMP-1495,Demo Sales initiative,Sales,True
EMP-1496,Demo Research & Development initiative,Python,True
EMP-1497,Demo Sales initiative,Sales,True
EMP-1499,Demo Human Resources initiative,Excel,True
EMP-1501,Demo Research & Development initiative,Python,True
EMP-1502,Demo Research & Development initiative,Python,True
EMP-1503,Demo Sales initiative,Sales,True
EMP-1504,Demo Research & Development initiative,Python,True
EMP-1506,Demo Research & Development initiative,Python,True
EMP-1507,Demo Sales initiative,Sales,True
EMP-1509,Demo Research & Development initiative,Python,True
EMP-1513,Demo Research & Development initiative,Python,True
EMP-1514,Demo Research & Development initiative,Python,True
EMP-1515,Demo Research & Development initiative,Python,True
EMP-1516,Demo Research & Development initiative,Python,True
EMP-1520,Demo Research & Development initiative,Python,True
EMP-1522,Demo Research & Development initiative,Python,True
EMP-1523,Demo Research & Development initiative,Python,True
EMP-1525,Demo Research & Development initiative,Python,True
EMP-1527,Demo Sales initiative,Sales,True
EMP-1529,Demo Research & Development initiative,Python,True
EMP-1533,Demo Research & Development initiative,Python,True
EMP-1534,Demo Research & Development initiative,Python,True
EMP-1535,Demo Sales initiative,Sales,True
EMP-1537,Demo Research & Development initiative,Python,True
EMP-1539,Demo Research & Development initiative,Python,True
EMP-1541,Demo Sales initiative,Sales,True
EMP-1542,Demo Research & Development initiative,Python,True
EMP-1543,Demo Research & Development initiative,Python,True
EMP-1544,Demo Research & Development initiative,Python,True
EMP-1545,Demo Research & Development initiative,Python,True
EMP-1546,Demo Research & Development initiative,Python,True
EMP-1547,Demo Research & Development initiative,Python,True
EMP-1548,Demo Sales initiative,Sales,True
EMP-1549,Demo Research & Development initiative,Python,True
EMP-1550,Demo Human Resources initiative,Excel,True
EMP-1551,Demo Research & Development initiative,Python,True
EMP-1552,Demo Research & Development initiative,Python,True
EMP-1553,Demo Research & Development initiative,Python,True
EMP-1554,Demo Sales initiative,Sales,True
EMP-1555,Demo Research & Development initiative,Python,True
EMP-1556,Demo Sales initiative,Sales,True
EMP-1557,Demo Sales initiative,Sales,True
EMP-1558,Demo Research & Development initiative,Python,True
EMP-1560,Demo Sales initiative,Sales,True
EMP-1562,Demo Sales initiative,Sales,True
EMP-1563,Demo Human Resources initiative,Excel,True
EMP-1564,Demo Research & Development initiative,Python,True
EMP-1568,Demo Sales initiative,Sales,True
EMP-1569,Demo Research & Development initiative,Python,True
EMP-1572,Demo Research & Development initiative,Python,True
EMP-1573,Demo Research & Development initiative,Python,True
EMP-1574,Demo Research & Development initiative,Python,True
EMP-1576,Demo Research & Development initiative,Python,True
EMP-1577,Demo Research & Development initiative,Python,True
EMP-1578,Demo Sales initiative,Sales,True
EMP-1580,Demo Research & Development initiative,Python,True
EMP-1581,Demo Research & Development initiative,Python,True
EMP-1582,Demo Sales initiative,Sales,True
EMP-1583,Demo Sales initiative,Sales,True
EMP-1585,Demo Sales initiative,Sales,True
EMP-1586,Demo Research & Development initiative,Python,True
EMP-1587,Demo Research & Development initiative,Python,True
EMP-1588,Demo Sales initiative,Sales,True
EMP-1590,Demo Research & Development initiative,Python,True
EMP-1591,Demo Sales initiative,Sales,True
EMP-1592,Demo Research & Development initiative,Python,True
EMP-1594,Demo Research & Development initiative,Python,True
EMP-1595,Demo Research & Development initiative,Python,True
EMP-1596,Demo Research & Development initiative,Python,True
EMP-1597,Demo Research & Development initiative,Python,True
EMP-1598,Demo Sales initiative,Sales,True
EMP-1599,Demo Research & Development initiative,Python,True
EMP-1601,Demo Research & Development initiative,Python,True
EMP-1602,Demo Sales initiative,Sales,True
EMP-1604,Demo Research & Development initiative,Python,True
EMP-1605,Demo Research & Development initiative,Python,True
EMP-1606,Demo Research & Development initiative,Python,True
EMP-1607,Demo Research & Development initiative,Python,True
EMP-1608,Demo Research & Development initiative,Python,True
EMP-1609,Demo Research & Development initiative,Python,True
EMP-1611,Demo Research & Development initiative,Python,True
EMP-1612,Demo Sales initiative,Sales,True
EMP-1613,Demo Sales initiative,Sales,True
EMP-1614,Demo Research & Development initiative,Python,True
EMP-1615,Demo Research & Development initiative,Python,True
EMP-1617,Demo Research & Development initiative,Python,True
EMP-1618,Demo Research & Development initiative,Python,True
EMP-1619,Demo Research & Development initiative,Python,True
EMP-1621,Demo Research & Development initiative,Python,True
EMP-1622,Demo Research & Development initiative,Python,True
EMP-1623,Demo Research & Development initiative,Python,True
EMP-1624,Demo Sales initiative,Sales,True
EMP-1625,Demo Human Resources initiative,Excel,True
EMP-1627,Demo Research & Development initiative,Python,True
EMP-1628,Demo Research & Development initiative,Python,True
EMP-1630,Demo Research & Development initiative,Python,True
EMP-1631,Demo Research & Development initiative,Python,True
EMP-1633,Demo Research & Development initiative,Python,True
EMP-1635,Demo Research & Development initiative,Python,True
EMP-1638,Demo Research & Development initiative,Python,True
EMP-1639,Demo Sales initiative,Sales,True
EMP-1640,Demo Research & Development initiative,Python,True
EMP-1641,Demo Research & Development initiative,Python,True
EMP-1642,Demo Human Resources initiative,Excel,True
EMP-1644,Demo Research & Development initiative,Python,True
EMP-1645,Demo Sales initiative,Sales,True
EMP-1646,Demo Research & Development initiative,Python,True
EMP-1647,Demo Research & Development initiative,Python,True
EMP-1648,Demo Research & Development initiative,Python,True
EMP-1649,Demo Research & Development initiative,Python,True
EMP-1650,Demo Sales initiative,Sales,True
EMP-1651,Demo Research & Development initiative,Python,True
EMP-1653,Demo Research & Development initiative,Python,True
EMP-1654,Demo Research & Development initiative,Python,True
EMP-1655,Demo Research & Development initiative,Python,True
EMP-1656,Demo Research & Development initiative,Python,True
EMP-1657,Demo Sales initiative,Sales,True
EMP-1658,Demo Research & Development initiative,Python,True
EMP-1659,Demo Research & Development initiative,Python,True
EMP-1661,Demo Research & Development initiative,Python,True
EMP-1662,Demo Research & Development initiative,Python,True
EMP-1664,Demo Research & Development initiative,Python,True
EMP-1665,Demo Research & Development initiative,Python,True
EMP-1666,Demo Research & Development initiative,Python,True
EMP-1667,Demo Sales initiative,Sales,True
EMP-1668,Demo Research & Development initiative,Python,True
EMP-1669,Demo Sales initiative,Sales,True
EMP-1670,Demo Sales initiative,Sales,True
EMP-1671,Demo Research & Development initiative,Python,True
EMP-1673,Demo Sales initiative,Sales,True
EMP-1674,Demo Research & Development initiative,Python,True
EMP-1675,Demo Research & Development initiative,Python,True
EMP-1676,Demo Sales initiative,Sales,True
EMP-1677,Demo Research & Development initiative,Python,True
EMP-1678,Demo Sales initiative,Sales,True
EMP-1680,Demo Sales initiative,Sales,True
EMP-1681,Demo Sales initiative,Sales,True
EMP-1682,Demo Research & Development initiative,Python,True
EMP-1683,Demo Human Resources initiative,Excel,True
EMP-1684,Demo Research & Development initiative,Python,True
EMP-1687,Demo Research & Development initiative,Python,True
EMP-1689,Demo Research & Development initiative,Python,True
EMP-1691,Demo Sales initiative,Sales,True
EMP-1692,Demo Research & Development initiative,Python,True
EMP-1693,Demo Research & Development initiative,Python,True
EMP-1694,Demo Research & Development initiative,Python,True
EMP-1696,Demo Research & Development initiative,Python,True
EMP-1697,Demo Research & Development initiative,Python,True
EMP-1698,Demo Research & Development initiative,Python,True
EMP-1700,Demo Sales initiative,Sales,True
EMP-1701,Demo Research & Development initiative,Python,True
EMP-1702,Demo Sales initiative,Sales,True
EMP-1703,Demo Research & Development initiative,Python,True
EMP-1704,Demo Research & Development initiative,Python,True
EMP-1706,Demo Sales initiative,Sales,True
EMP-1707,Demo Research & Development initiative,Python,True
EMP-1708,Demo Sales initiative,Sales,True
EMP-1709,Demo Research & Development initiative,Python,True
EMP-1710,Demo Sales initiative,Sales,True
EMP-1712,Demo Research & Development initiative,Python,True
EMP-1714,Demo Human Resources initiative,Excel,True
EMP-1716,Demo Sales initiative,Sales,True
EMP-1718,Demo Research & Development initiative,Python,True
EMP-1719,Demo Research & Development initiative,Python,True
EMP-1720,Demo Research & Development initiative,Python,True
EMP-1721,Demo Research & Development initiative,Python,True
EMP-1722,Demo Human Resources initiative,Excel,True
EMP-1724,Demo Research & Development initiative,Python,True
EMP-1725,Demo Research & Development initiative,Python,True
EMP-1727,Demo Research & Development initiative,Python,True
EMP-1728,Demo Research & Development initiative,Python,True
EMP-1729,Demo Research & Development initiative,Python,True
EMP-1731,Demo Sales initiative,Sales,True
EMP-1732,Demo Sales initiative,Sales,True
EMP-1733,Demo Sales initiative,Sales,True
EMP-1734,Demo Sales initiative,Sales,True
EMP-1735,Demo Research & Development initiative,Python,True
EMP-1736,Demo Research & Development initiative,Python,True
EMP-1737,Demo Research & Development initiative,Python,True
EMP-1739,Demo Sales initiative,Sales,True
EMP-1740,Demo Sales initiative,Sales,True
EMP-1744,Demo Human Resources initiative,Excel,True
EMP-1745,Demo Research & Development initiative,Python,True
EMP-1746,Demo Human Resources initiative,Excel,True
EMP-1747,Demo Human Resources initiative,Excel,True
EMP-1749,Demo Sales initiative,Sales,True
EMP-1751,Demo Research & Development initiative,Python,True
EMP-1752,Demo Sales initiative,Sales,True
EMP-1753,Demo Research & Development initiative,Python,True
EMP-1754,Demo Sales initiative,Sales,True
EMP-1755,Demo Research & Development initiative,Python,True
EMP-1756,Demo Sales initiative,Sales,True
EMP-1757,Demo Sales initiative,Sales,True
EMP-1758,Demo Sales initiative,Sales,True
EMP-1760,Demo Research & Development initiative,Python,True
EMP-1761,Demo Sales initiative,Sales,True
EMP-1762,Demo Research & Development initiative,Python,True
EMP-1763,Demo Research & Development initiative,Python,True
EMP-1764,Demo Research & Development initiative,Python,True
EMP-1766,Demo Research & Development initiative,Python,True
EMP-1767,Demo Research & Development initiative,Python,True
EMP-1768,Demo Research & Development initiative,Python,True
EMP-1770,Demo Research & Development initiative,Python,True
EMP-1771,Demo Research & Development initiative,Python,True
EMP-1772,Demo Research & Development initiative,Python,True
EMP-1774,Demo Sales initiative,Sales,True
EMP-1775,Demo Research & Development initiative,Python,True
EMP-1778,Demo Human Resources initiative,Excel,True
EMP-1779,Demo Sales initiative,Sales,True
EMP-1780,Demo Sales initiative,Sales,True
EMP-1782,Demo Research & Development initiative,Python,True
EMP-1783,Demo Research & Development initiative,Python,True
EMP-1784,Demo Sales initiative,Sales,True
EMP-1786,Demo Research & Development initiative,Python,True
EMP-1787,Demo Sales initiative,Sales,True
EMP-1789,Demo Research & Development initiative,Python,True
EMP-1790,Demo Research & Development initiative,Python,True
EMP-1792,Demo Research & Development initiative,Python,True
EMP-1794,Demo Human Resources initiative,Excel,True
EMP-1797,Demo Sales initiative,Sales,True
EMP-1798,Demo Research & Development initiative,Python,True
EMP-1799,Demo Research & Development initiative,Python,True
EMP-1800,Demo Research & Development initiative,Python,True
EMP-1801,Demo Sales initiative,Sales,True
EMP-1802,Demo Research & Development initiative,Python,True
EMP-1803,Demo Research & Development initiative,Python,True
EMP-1804,Demo Research & Development initiative,Python,True
EMP-1805,Demo Human Resources initiative,Excel,True
EMP-1807,Demo Research & Development initiative,Python,True
EMP-1809,Demo Research & Development initiative,Python,True
EMP-1812,Demo Sales initiative,Sales,True
EMP-1813,Demo Research & Development initiative,Python,True
EMP-1814,Demo Research & Development initiative,Python,True
EMP-1815,Demo Sales initiative,Sales,True
EMP-1816,Demo Research & Development initiative,Python,True
EMP-1818,Demo Human Resources initiative,Excel,True
EMP-1821,Demo Research & Development initiative,Python,True
EMP-1822,Demo Research & Development initiative,Python,True
EMP-1823,Demo Sales initiative,Sales,True
EMP-1824,Demo Sales initiative,Sales,True
EMP-1826,Demo Research & Development initiative,Python,True
EMP-1827,Demo Research & Development initiative,Python,True
EMP-1829,Demo Research & Development initiative,Python,True
EMP-1830,Demo Research & Development initiative,Python,True
EMP-1833,Demo Sales initiative,Sales,True
EMP-1834,Demo Research & Development initiative,Python,True
EMP-1835,Demo Sales initiative,Sales,True
EMP-1836,Demo Sales initiative,Sales,True
EMP-1837,Demo Research & Development initiative,Python,True
EMP-1839,Demo Research & Development initiative,Python,True
EMP-1842,Demo Human Resources initiative,Excel,True
EMP-1844,Demo Human Resources initiative,Excel,True
EMP-1845,Demo Sales initiative,Sales,True
EMP-1847,Demo Research & Development initiative,Python,True
EMP-1849,Demo Sales initiative,Sales,True
EMP-1850,Demo Research & Development initiative,Python,True
EMP-1852,Demo Research & Development initiative,Python,True
EMP-1853,Demo Sales initiative,Sales,True
EMP-1854,Demo Research & Development initiative,Python,True
EMP-1856,Demo Research & Development initiative,Python,True
EMP-1857,Demo Research & Development initiative,Python,True
EMP-1858,Demo Human Resources initiative,Excel,True
EMP-1859,Demo Research & Development initiative,Python,True
EMP-1860,Demo Research & Development initiative,Python,True
EMP-1862,Demo Sales initiative,Sales,True
EMP-1863,Demo Sales initiative,Sales,True
EMP-1864,Demo Sales initiative,Sales,True
EMP-1865,Demo Human Resources initiative,Excel,True
EMP-1866,Demo Research & Development initiative,Python,True
EMP-1867,Demo Research & Development initiative,Python,True
EMP-1868,Demo Research & Development initiative,Python,True
EMP-1869,Demo Sales initiative,Sales,True
EMP-1870,Demo Research & Development initiative,Python,True
EMP-1871,Demo Research & Development initiative,Python,True
EMP-1873,Demo Research & Development initiative,Python,True
EMP-1875,Demo Sales initiative,Sales,True
EMP-1876,Demo Sales initiative,Sales,True
EMP-1878,Demo Research & Development initiative,Python,True
EMP-1880,Demo Sales initiative,Sales,True
EMP-1881,Demo Research & Development initiative,Python,True
EMP-1882,Demo Sales initiative,Sales,True
EMP-1883,Demo Research & Development initiative,Python,True
EMP-1885,Demo Research & Development initiative,Python,True
EMP-1886,Demo Research & Development initiative,Python,True
EMP-1888,Demo Research & Development initiative,Python,True
EMP-1890,Demo Human Resources initiative,Excel,True
EMP-1892,Demo Research & Development initiative,Python,True
EMP-1893,Demo Research & Development initiative,Python,True
EMP-1898,Demo Sales initiative,Sales,True
EMP-1900,Demo Research & Development initiative,Python,True
EMP-1903,Demo Research & Development initiative,Python,True
EMP-1905,Demo Research & Development initiative,Python,True
EMP-1907,Demo Research & Development initiative,Python,True
EMP-1908,Demo Sales initiative,Sales,True
EMP-1909,Demo Sales initiative,Sales,True
EMP-1911,Demo Research & Development initiative,Python,True
EMP-1912,Demo Sales initiative,Sales,True
EMP-1915,Demo Sales initiative,Sales,True
EMP-1916,Demo Research & Development initiative,Python,True
EMP-1918,Demo Research & Development initiative,Python,True
EMP-1922,Demo Research & Development initiative,Python,True
EMP-1924,Demo Sales initiative,Sales,True
EMP-1927,Demo Sales initiative,Sales,True
EMP-1928,Demo Sales initiative,Sales,True
EMP-1929,Demo Sales initiative,Sales,True
EMP-1931,Demo Research & Development initiative,Python,True
EMP-1932,Demo Research & Development initiative,Python,True
EMP-1933,Demo Sales initiative,Sales,True
EMP-1934,Demo Research & Development initiative,Python,True
EMP-1935,Demo Sales initiative,Sales,True
EMP-1936,Demo Research & Development initiative,Python,True
EMP-1937,Demo Research & Development initiative,Python,True
EMP-1938,Demo Sales initiative,Sales,True
EMP-1939,Demo Research & Development initiative,Python,True
EMP-1940,Demo Research & Development initiative,Python,True
EMP-1941,Demo Research & Development initiative,Python,True
EMP-1943,Demo Sales initiative,Sales,True
EMP-1944,Demo Human Resources initiative,Excel,True
EMP-1945,Demo Sales initiative,Sales,True
EMP-1947,Demo Research & Development initiative,Python,True
EMP-1948,Demo Research & Development initiative,Python,True
EMP-1949,Demo Research & Development initiative,Python,True
EMP-1950,Demo Sales initiative,Sales,True
EMP-1951,Demo Sales initiative,Sales,True
EMP-1952,Demo Research & Development initiative,Python,True
EMP-1954,Demo Research & Development initiative,Python,True
EMP-1955,Demo Research & Development initiative,Python,True
EMP-1956,Demo Research & Development initiative,Python,True
EMP-1960,Demo Research & Development initiative,Python,True
EMP-1961,Demo Sales initiative,Sales,True
EMP-1962,Demo Sales initiative,Sales,True
EMP-1965,Demo Sales initiative,Sales,True
EMP-1966,Demo Research & Development initiative,Python,True
EMP-1967,Demo Sales initiative,Sales,True
EMP-1968,Demo Sales initiative,Sales,True
EMP-1969,Demo Research & Development initiative,Python,True
EMP-1970,Demo Research & Development initiative,Python,True
EMP-1971,Demo Research & Development initiative,Python,True
EMP-1972,Demo Human Resources initiative,Excel,True
EMP-1973,Demo Human Resources initiative,Excel,True
EMP-1974,Demo Research & Development initiative,Python,True
EMP-1975,Demo Sales initiative,Sales,True
EMP-1976,Demo Research & Development initiative,Python,True
EMP-1979,Demo Research & Development initiative,Python,True
EMP-1980,Demo Research & Development initiative,Python,True
EMP-1981,Demo Research & Development initiative,Python,True
EMP-1982,Demo Research & Development initiative,Python,True
EMP-1985,Demo Research & Development initiative,Python,True
EMP-1986,Demo Sales initiative,Sales,True
EMP-1987,Demo Human Resources initiative,Excel,True
EMP-1989,Demo Research & Development initiative,Python,True
EMP-1992,Demo Research & Development initiative,Python,True
EMP-1993,Demo Research & Development initiative,Python,True
EMP-1994,Demo Research & Development initiative,Python,True
EMP-1995,Demo Sales initiative,Sales,True
EMP-1996,Demo Sales initiative,Sales,True
EMP-1997,Demo Research & Development initiative,Python,True
EMP-1998,Demo Research & Development initiative,Python,True
EMP-1999,Demo Research & Development initiative,Python,True
EMP-2000,Demo Research & Development initiative,Python,True
EMP-2003,Demo Research & Development initiative,Python,True
EMP-2007,Demo Research & Development initiative,Python,True
EMP-2008,Demo Research & Development initiative,Python,True
EMP-2009,Demo Research & Development initiative,Python,True
EMP-2010,Demo Research & Development initiative,Python,True
EMP-2012,Demo Research & Development initiative,Python,True
EMP-2013,Demo Sales initiative,Sales,True
EMP-2014,Demo Research & Development initiative,Python,True
EMP-2015,Demo Research & Development initiative,Python,True
EMP-2016,Demo Sales initiative,Sales,True
EMP-2017,Demo Research & Development initiative,Python,True
EMP-2018,Demo Sales initiative,Sales,True
EMP-2019,Demo Sales initiative,Sales,True
EMP-2020,Demo Research & Development initiative,Python,True
EMP-2021,Demo Sales initiative,Sales,True
EMP-2022,Demo Research & Development initiative,Python,True
EMP-2023,Demo Sales initiative,Sales,True
EMP-2024,Demo Sales initiative,Sales,True
EMP-2025,Demo Research & Development initiative,Python,True
EMP-2026,Demo Research & Development initiative,Python,True
EMP-2027,Demo Research & Development initiative,Python,True
EMP-2031,Demo Research & Development initiative,Python,True
EMP-2032,Demo Research & Development initiative,Python,True
EMP-2034,Demo Research & Development initiative,Python,True
EMP-2035,Demo Sales initiative,Sales,True
EMP-2036,Demo Sales initiative,Sales,True
EMP-2037,Demo Sales initiative,Sales,True
EMP-2038,Demo Research & Development initiative,Python,True
EMP-2040,Demo Human Resources initiative,Excel,True
EMP-2041,Demo Sales initiative,Sales,True
EMP-2044,Demo Sales initiative,Sales,True
EMP-2045,Demo Sales initiative,Sales,True
EMP-2046,Demo Sales initiative,Sales,True
EMP-2048,Demo Research & Development initiative,Python,True
EMP-2049,Demo Research & Development initiative,Python,True
EMP-2051,Demo Research & Development initiative,Python,True
EMP-2052,Demo Research & Development initiative,Python,True
EMP-2053,Demo Research & Development initiative,Python,True
EMP-2054,Demo Research & Development initiative,Python,True
EMP-2055,Demo Sales initiative,Sales,True
EMP-2056,Demo Sales initiative,Sales,True
EMP-2057,Demo Research & Development initiative,Python,True
EMP-2060,Demo Sales initiative,Sales,True
EMP-2061,Demo Research & Development initiative,Python,True
EMP-2062,Demo Research & Development initiative,Python,True
EMP-2064,Demo Research & Development initiative,Python,True
EMP-2065,Demo Sales initiative,Sales,True
EMP-2068,Demo Research & Development initiative,Python,True
