Employee_ID,Training_Hours,Courses_Completed,Synthetic
EMP-1,59,1,True
EMP-2,48,0,True
EMP-4,47,1,True
EMP-5,4,2,True
EMP-7,34,4,True
EMP-8,24,4,True
EMP-10,15,4,True
EMP-11,4,2,True
EMP-12,13,3,True
EMP-13,55,3,True
EMP-14,55,1,True
EMP-15,45,2,True
EMP-16,6,2,True
EMP-18,41,1,True
EMP-19,7,2,True
EMP-20,41,2,True
EMP-21,2,0,True
EMP-22,17,3,True
EMP-23,7,4,True
EMP-24,56,3,True
EMP-26,34,4,True
EMP-27,56,2,True
EMP-28,1,0,True
EMP-30,45,1,True
EMP-31,29,4,True
EMP-32,28,0,True
EMP-33,53,2,True
EMP-35,2,0,True
EMP-36,57,1,True
EMP-38,1,0,True
EMP-39,22,0,True
EMP-40,8,0,True
EMP-41,31,2,True
EMP-42,36,3,True
EMP-45,39,1,True
EMP-46,48,4,True
EMP-47,45,1,True
EMP-49,57,3,True
EMP-51,27,2,True
EMP-52,10,3,True
EMP-53,9,4,True
EMP-54,16,4,True
EMP-55,36,2,True
EMP-56,3,4,True
EMP-57,58,3,True
EMP-58,60,1,True
EMP-60,10,4,True
EMP-61,47,0,True
EMP-62,36,2,True
EMP-63,29,0,True
EMP-64,44,3,True
EMP-65,35,4,True
EMP-68,19,4,True
EMP-70,34,0,True
EMP-72,8,1,True
EMP-73,15,1,True
EMP-74,59,0,True
EMP-75,11,2,True
EMP-76,36,0,True
EMP-77,18,3,True
EMP-78,28,2,True
EMP-79,15,2,True
EMP-80,34,4,True
EMP-81,34,3,True
EMP-83,37,1,True
EMP-84,18,2,True
EMP-85,35,4,True
EMP-86,44,4,True
EMP-88,43,3,True
EMP-90,34,0,True
EMP-91,18,2,True
EMP-94,32,4,True
EMP-95,32,0,True
EMP-96,58,2,True
EMP-97,22,2,True
EMP-98,19,1,True
EMP-100,45,1,True
EMP-101,38,4,True
EMP-102,26,2,True
EMP-103,0,4,True
EMP-104,42,2,True
EMP-105,44,4,True
EMP-106,56,3,True
EMP-107,30,4,True
EMP-110,31,1,True
EMP-112,12,1,True
EMP-113,28,0,True
EMP-116,0,1,True
EMP-117,30,0,True
EMP-118,43,0,True
EMP-119,47,1,True
EMP-120,40,4,True
EMP-121,49,1,True
EMP-124,40,4,True
EMP-125,47,4,True
EMP-126,26,4,True
EMP-128,36,2,True
EMP-129,38,4,True
EMP-131,34,2,True
EMP-132,34,3,True
EMP-133,47,4,True
EMP-134,14,0,True
EMP-137,19,0,True
EMP-138,31,0,True
EMP-139,39,3,True
EMP-140,31,2,True
EMP-141,12,1,True
EMP-142,50,3,True
EMP-143,33,0,True
EMP-144,26,0,True
EMP-145,53,2,True
EMP-147,26,4,True
EMP-148,9,3,True
EMP-150,60,3,True
EMP-151,23,3,True
EMP-152,54,1,True
EMP-153,31,2,True
EMP-154,14,4,True
EMP-155,22,3,True
EMP-158,55,2,True
EMP-159,57,0,True
EMP-160,8,3,True
EMP-161,60,1,True
EMP-162,52,1,True
EMP-163,39,3,True
EMP-164,11,1,True
EMP-165,35,2,True
EMP-167,25,0,True
EMP-169,7,0,True
EMP-170,60,2,True
EMP-171,36,4,True
EMP-174,5,3,True
EMP-175,20,2,True
EMP-176,51,4,True
EMP-177,26,1,True
EMP-178,30,4,True
EMP-179,8,2,True
EMP-182,6,0,True
EMP-183,59,0,True
EMP-184,58,4,True
EMP-190,5,3,True
EMP-192,33,0,True
EMP-193,41,4,True
EMP-194,53,0,True
EMP-195,34,1,True
EMP-197,53,3,True
EMP-198,7,0,True
EMP-199,0,4,True
EMP-200,28,3,True
EMP-201,16,4,True
EMP-202,46,4,True
EMP-204,20,4,True
EMP-205,24,1,True
EMP-206,32,1,True
EMP-207,58,1,True
EMP-208,4,0,True
EMP-211,33,3,True
EMP-214,23,0,True
EMP-215,2,2,True
EMP-216,49,2,True
EMP-217,55,2,True
EMP-218,10,2,True
EMP-221,46,1,True
EMP-223,42,0,True
EMP-224,43,4,True
EMP-226,28,2,True
EMP-227,19,2,True
EMP-228,4,2,True
EMP-230,2,1,True
EMP-231,10,3,True
EMP-233,32,1,True
EMP-235,8,2,True
EMP-238,41,4,True
EMP-239,37,1,True
EMP-240,21,3,True
EMP-241,5,3,True
EMP-242,31,0,True
EMP-243,50,3,True
EMP-244,24,4,True
EMP-245,49,1,True
EMP-246,17,4,True
EMP-247,4,0,True
EMP-248,39,0,True
EMP-249,54,4,True
EMP-250,53,4,True
EMP-252,58,3,True
EMP-253,6,3,True
EMP-254,2,1,True
EMP-256,34,2,True
EMP-258,57,2,True
EMP-259,60,0,True
EMP-260,17,2,True
EMP-261,22,0,True
EMP-262,40,0,True
EMP-264,55,0,True
EMP-267,10,0,True
EMP-269,59,0,True
EMP-270,49,4,True
EMP-271,4,4,True
EMP-273,51,2,True
EMP-274,39,1,True
EMP-275,59,0,True
EMP-277,12,4,True
EMP-281,60,3,True
EMP-282,2,3,True
EMP-283,4,2,True
EMP-284,27,0,True
EMP-286,40,3,True
EMP-287,10,2,True
EMP-288,16,1,True
EMP-291,23,1,True
EMP-292,7,0,True
EMP-293,10,4,True
EMP-296,9,0,True
EMP-297,58,4,True
EMP-298,57,4,True
EMP-299,38,0,True
EMP-300,41,3,True
EMP-302,8,0,True
EMP-303,3,4,True
EMP-304,22,2,True
EMP-305,60,0,True
EMP-306,29,3,True
EMP-307,49,3,True
EMP-308,22,4,True
EMP-309,18,2,True
EMP-311,49,4,True
EMP-312,28,3,True
EMP-314,44,2,True
EMP-315,44,1,True
EMP-316,44,1,True
EMP-319,41,3,True
EMP-321,49,3,True
EMP-323,28,0,True
EMP-325,18,2,True
EMP-327,31,0,True
EMP-328,19,1,True
EMP-329,2,3,True
EMP-330,22,3,True
EMP-331,30,0,True
EMP-332,31,3,True
EMP-333,20,0,True
EMP-334,44,0,True
EMP-335,17,4,True
EMP-336,39,0,True
EMP-337,16,1,True
EMP-338,60,0,True
EMP-339,39,2,True
EMP-340,33,2,True
EMP-341,26,4,True
EMP-342,46,4,True
EMP-343,25,3,True
EMP-346,48,2,True
EMP-347,9,0,True
EMP-349,50,4,True
EMP-350,58,2,True
EMP-351,14,1,True
EMP-352,13,2,True
EMP-353,58,1,True
EMP-355,24,1,True
EMP-359,42,2,True
EMP-361,11,3,True
EMP-362,26,0,True
EMP-363,42,4,True
EMP-364,54,0,True
EMP-366,26,0,True
EMP-367,4,3,True
EMP-369,25,0,True
EMP-372,39,3,True
EMP-373,53,3,True
EMP-374,50,2,True
EMP-376,46,2,True
EMP-377,10,4,True
EMP-378,31,3,True
EMP-379,35,3,True
EMP-380,28,0,True
EMP-381,56,2,True
EMP-382,58,0,True
EMP-384,12,1,True
EMP-385,58,3,True
EMP-386,51,2,True
EMP-387,42,4,True
EMP-388,23,4,True
EMP-389,46,0,True
EMP-390,35,4,True
EMP-391,54,4,True
EMP-392,43,0,True
EMP-393,58,1,True
EMP-394,25,4,True
EMP-395,5,0,True
EMP-396,30,0,True
EMP-397,60,2,True
EMP-399,39,4,True
EMP-401,42,1,True
EMP-403,38,3,True
EMP-404,36,3,True
EMP-405,3,0,True
EMP-406,25,1,True
EMP-407,5,3,True
EMP-408,20,2,True
EMP-410,43,1,True
EMP-411,49,1,True
EMP-412,13,2,True
EMP-416,39,4,True
EMP-417,13,2,True
EMP-419,12,4,True
EMP-420,58,3,True
EMP-421,37,2,True
EMP-422,12,3,True
EMP-423,8,2,True
EMP-424,3,3,True
EMP-425,30,4,True
EMP-426,6,3,True
EMP-428,35,0,True
EMP-429,26,0,True
EMP-430,38,4,True
EMP-431,12,4,True
EMP-433,8,2,True
EMP-434,6,1,True
EMP-436,5,4,True
EMP-437,4,2,True
EMP-438,15,1,True
EMP-439,48,1,True
EMP-440,37,1,True
EMP-441,15,1,True
EMP-442,56,1,True
EMP-444,46,3,True
EMP-445,47,0,True
EMP-446,54,1,True
EMP-447,45,0,True
EMP-448,58,3,True
EMP-449,20,4,True
EMP-450,52,3,True
EMP-451,6,1,True
EMP-452,18,2,True
EMP-453,54,0,True
EMP-454,8,2,True
EMP-455,30,1,True
EMP-456,20,2,True
EMP-458,6,2,True
EMP-460,14,3,True
EMP-461,32,2,True
EMP-462,38,4,True
EMP-463,41,0,True
EMP-464,8,4,True
EMP-465,19,3,True
EMP-466,6,3,True
EMP-467,0,4,True
EMP-468,23,0,True
EMP-469,37,1,True
EMP-470,22,0,True
EMP-471,2,3,True
EMP-473,13,1,True
EMP-474,26,1,True
EMP-475,21,3,True
EMP-476,50,2,True
EMP-477,36,3,True
EMP-478,60,4,True
EMP-479,10,1,True
EMP-481,22,4,True
EMP-482,5,2,True
EMP-483,1,1,True
EMP-484,56,4,True
EMP-485,30,2,True
EMP-486,40,0,True
EMP-487,16,1,True
EMP-488,3,4,True
EMP-491,54,2,True
EMP-492,40,2,True
EMP-493,43,3,True
EMP-494,32,0,True
EMP-495,24,0,True
EMP-496,25,2,True
EMP-497,46,4,True
EMP-498,13,0,True
EMP-499,20,3,True
EMP-500,18,4,True
EMP-501,31,0,True
EMP-502,59,0,True
EMP-505,56,4,True
EMP-507,33,0,True
EMP-508,12,3,True
EMP-510,57,3,True
EMP-511,19,1,True
EMP-513,21,1,True
EMP-514,54,2,True
EMP-515,16,2,True
EMP-516,28,4,True
EMP-517,55,2,True
EMP-518,19,4,True
EMP-520,38,1,True
EMP-521,2,1,True
EMP-522,60,1,True
EMP-523,25,3,True
EMP-524,40,0,True
EMP-525,30,4,True
EMP-526,26,3,True
EMP-527,24,4,True
EMP-529,1,4,True
EMP-530,16,0,True
EMP-531,23,3,True
EMP-532,22,2,True
EMP-533,16,3,True
EMP-534,39,4,True
EMP-536,50,2,True
EMP-538,54,0,True
EMP-543,59,4,True
EMP-544,39,2,True
EMP-546,25,2,True
EMP-547,39,2,True
EMP-548,8,4,True
EMP-549,49,2,True
EMP-550,32,1,True
EMP-551,10,3,True
EMP-554,25,3,True
EMP-555,18,0,True
EMP-556,21,2,True
EMP-558,3,3,True
EMP-560,0,4,True
EMP-562,21,1,True
EMP-564,18,2,True
EMP-565,60,4,True
EMP-566,16,2,True
EMP-567,20,2,True
EMP-568,55,0,True
EMP-569,52,0,True
EMP-571,3,3,True
EMP-573,5,4,True
EMP-574,5,3,True
EMP-575,28,3,True
EMP-577,34,3,True
EMP-578,21,1,True
EMP-579,0,2,True
EMP-580,12,1,True
EMP-581,37,1,True
EMP-582,22,2,True
EMP-584,7,3,True
EMP-585,39,4,True
EMP-586,37,1,True
EMP-587,29,1,True
EMP-590,57,0,True
EMP-591,51,4,True
EMP-592,2,3,True
EMP-593,55,1,True
EMP-595,3,4,True
EMP-597,29,3,True
EMP-599,55,2,True
EMP-600,59,1,True
EMP-601,1,2,True
EMP-602,4,0,True
EMP-604,14,0,True
EMP-605,16,4,True
EMP-606,17,1,True
EMP-608,25,0,True
EMP-611,19,4,True
EMP-612,35,4,True
EMP-613,52,4,True
EMP-614,33,0,True
EMP-615,20,4,True
EMP-616,34,1,True
EMP-618,37,0,True
EMP-620,54,4,True
EMP-621,57,1,True
EMP-622,16,3,True
EMP-623,56,0,True
EMP-624,49,0,True
EMP-625,7,4,True
EMP-626,34,2,True
EMP-630,9,4,True
EMP-631,29,0,True
EMP-632,2,4,True
EMP-634,18,4,True
EMP-635,35,4,True
EMP-638,18,0,True
EMP-639,0,0,True
EMP-641,23,2,True
EMP-643,33,0,True
EMP-644,46,0,True
EMP-645,8,4,True
EMP-647,29,3,True
EMP-648,12,4,True
EMP-649,9,4,True
EMP-650,7,0,True
EMP-652,46,4,True
EMP-653,56,0,True
EMP-655,40,1,True
EMP-656,23,1,True
EMP-657,57,1,True
EMP-659,30,3,True
EMP-661,32,0,True
EMP-662,38,4,True
EMP-663,39,4,True
EMP-664,30,3,True
EMP-665,29,0,True
EMP-666,19,2,True
EMP-667,41,3,True
EMP-669,41,1,True
EMP-671,26,1,True
EMP-675,43,2,True
EMP-677,8,4,True
EMP-679,25,0,True
EMP-680,60,2,True
EMP-682,44,1,True
EMP-683,43,2,True
EMP-684,52,0,True
EMP-686,37,4,True
EMP-689,40,2,True
EMP-690,29,4,True
EMP-691,50,0,True
EMP-692,43,2,True
EMP-698,31,3,True
EMP-699,7,3,True
EMP-700,49,0,True
EMP-701,19,3,True
EMP-702,21,0,True
EMP-704,7,2,True
EMP-705,13,0,True
EMP-707,7,0,True
EMP-709,5,3,True
EMP-710,1,3,True
EMP-712,17,4,True
EMP-714,46,3,True
EMP-715,52,2,True
EMP-716,13,0,True
EMP-717,25,3,True
EMP-720,50,1,True
EMP-721,43,0,True
EMP-722,55,3,True
EMP-723,25,2,True
EMP-724,10,0,True
EMP-725,8,2,True
EMP-727,43,3,True
EMP-728,1,2,True
EMP-729,28,3,True
EMP-730,21,2,True
EMP-731,56,1,True
EMP-732,60,1,True
EMP-733,29,1,True
EMP-734,35,4,True
EMP-738,23,1,True
EMP-741,47,3,True
EMP-742,17,1,True
EMP-743,45,2,True
EMP-744,55,3,True
EMP-746,10,2,True
EMP-747,13,3,True
EMP-749,23,4,True
EMP-752,50,4,True
EMP-754,39,4,True
EMP-757,11,0,True
EMP-758,22,3,True
EMP-760,39,3,True
EMP-762,58,2,True
EMP-763,27,1,True
EMP-764,4,0,True
EMP-766,6,4,True
EMP-769,1,4,True
EMP-771,7,0,True
EMP-772,25,2,True
EMP-773,17,2,True
EMP-775,18,0,True
EMP-776,46,2,True
EMP-780,29,4,True
EMP-781,44,1,True
EMP-783,33,3,True
EMP-784,12,4,True
EMP-785,57,2,True
EMP-786,29,0,True
EMP-787,51,1,True
EMP-789,5,0,True
EMP-791,51,1,True
EMP-792,43,3,True
EMP-793,15,1,True
EMP-796,48,2,True
EMP-797,45,4,True
EMP-799,54,1,True
EMP-800,12,4,True
EMP-802,54,1,True
EMP-803,46,3,True
EMP-804,20,0,True
EMP-805,21,1,True
EMP-806,15,4,True
EMP-807,29,2,True
EMP-808,54,2,True
EMP-809,51,2,True
EMP-811,8,1,True
EMP-812,8,4,True
EMP-813,3,1,True
EMP-815,37,0,True
EMP-816,19,4,True
EMP-817,46,0,True
EMP-819,46,4,True
EMP-820,12,1,True
EMP-823,42,0,True
EMP-824,46,1,True
EMP-825,60,3,True
EMP-826,44,2,True
EMP-827,21,0,True
EMP-828,60,1,True
EMP-829,16,1,True
EMP-830,49,3,True
EMP-832,23,4,True
EMP-833,57,1,True
EMP-834,47,4,True
EMP-836,36,2,True
EMP-837,13,0,True
EMP-838,11,1,True
EMP-840,57,4,True
EMP-842,48,4,True
EMP-843,31,3,True
EMP-844,53,1,True
EMP-845,47,3,True
EMP-846,23,3,True
EMP-847,50,3,True
EMP-848,48,2,True
EMP-850,29,2,True
EMP-851,1,4,True
EMP-852,45,4,True
EMP-854,20,2,True
EMP-855,22,1,True
EMP-856,43,2,True
EMP-857,49,2,True
EMP-859,5,3,True
EMP-861,50,1,True
EMP-862,17,0,True
EMP-864,34,4,True
EMP-865,52,4,True
EMP-867,13,0,True
EMP-868,13,1,True
EMP-869,59,2,True
EMP-872,22,3,True
EMP-874,57,3,True
EMP-875,21,1,True
EMP-878,37,1,True
EMP-879,31,2,True
EMP-880,60,1,True
EMP-881,33,2,True
EMP-882,30,1,True
EMP-885,28,0,True
EMP-887,22,3,True
EMP-888,26,3,True
EMP-889,28,1,True
EMP-893,46,2,True
EMP-894,2,2,True
EMP-895,30,0,True
EMP-896,33,2,True
EMP-897,45,2,True
EMP-899,40,4,True
EMP-900,26,1,True
EMP-901,6,3,True
EMP-902,22,1,True
EMP-903,15,0,True
EMP-904,12,1,True
EMP-905,43,4,True
EMP-909,29,1,True
EMP-910,48,4,True
EMP-911,8,3,True
EMP-912,60,3,True
EMP-913,28,3,True
EMP-916,15,2,True
EMP-918,22,3,True
EMP-920,51,0,True
EMP-922,43,3,True
EMP-923,10,3,True
EMP-924,60,0,True
EMP-925,7,2,True
EMP-926,16,2,True
EMP-927,44,1,True
EMP-930,32,0,True
EMP-932,27,0,True
EMP-933,56,1,True
EMP-934,48,1,True
EMP-936,58,1,True
EMP-939,17,3,True
EMP-940,51,2,True
EMP-941,13,0,True
EMP-942,49,0,True
EMP-944,33,3,True
EMP-945,36,4,True
EMP-947,7,4,True
EMP-949,53,3,True
EMP-950,17,1,True
EMP-951,36,3,True
EMP-952,10,0,True
EMP-954,56,0,True
EMP-956,19,0,True
EMP-957,46,0,True
EMP-958,46,1,True
EMP-959,33,0,True
EMP-960,7,4,True
EMP-961,17,3,True
EMP-964,37,3,True
EMP-966,32,0,True
EMP-967,35,4,True
EMP-969,15,0,True
EMP-970,32,4,True
EMP-972,5,3,True
EMP-974,29,1,True
EMP-975,5,0,True
EMP-976,40,3,True
EMP-977,34,4,True
EMP-981,51,2,True
EMP-982,28,0,True
EMP-983,9,2,True
EMP-984,14,2,True
EMP-985,49,1,True
EMP-986,58,4,True
EMP-987,3,1,True
EMP-990,41,1,True
EMP-991,29,3,True
EMP-992,15,3,True
EMP-994,31,3,True
EMP-995,57,2,True
EMP-996,12,1,True
EMP-997,51,1,True
EMP-998,5,0,True
EMP-999,43,0,True
EMP-1001,4,2,True
EMP-1002,3,2,True
EMP-1003,2,3,True
EMP-1004,49,4,True
EMP-1005,34,2,True
EMP-1006,42,0,True
EMP-1007,9,0,True
EMP-1009,56,1,True
EMP-1010,49,1,True
EMP-1011,29,0,True
EMP-1012,54,3,True
EMP-1013,8,1,True
EMP-1014,17,3,True
EMP-1015,2,1,True
EMP-1016,10,0,True
EMP-1017,51,0,True
EMP-1018,24,2,True
EMP-1019,39,2,True
EMP-1022,53,2,True
EMP-1024,46,4,True
EMP-1025,24,3,True
EMP-1026,21,3,True
EMP-1027,6,0,True
EMP-1028,50,2,True
EMP-1029,60,3,True
EMP-1030,30,2,True
EMP-1032,30,4,True
EMP-1033,51,2,True
EMP-1034,20,1,True
EMP-1035,24,4,True
EMP-1036,54,1,True
EMP-1037,23,2,True
EMP-1038,56,0,True
EMP-1039,9,0,True
EMP-1040,30,0,True
EMP-1042,29,2,True
EMP-1043,18,4,True
EMP-1044,58,0,True
EMP-1045,29,4,True
EMP-1046,53,4,True
EMP-1047,13,0,True
EMP-1048,21,0,True
EMP-1049,29,4,True
EMP-1050,34,2,True
EMP-1052,13,0,True
EMP-1053,19,4,True
EMP-1055,37,2,True
EMP-1056,16,3,True
EMP-1060,46,3,True
EMP-1061,29,1,True
EMP-1062,59,1,True
EMP-1066,14,0,True
EMP-1068,51,2,True
EMP-1069,29,4,True
EMP-1070,5,3,True
EMP-1071,43,3,True
EMP-1073,12,0,True
EMP-1074,8,2,True
EMP-1076,32,4,True
EMP-1077,47,0,True
EMP-1079,15,1,True
EMP-1080,38,3,True
EMP-1081,0,0,True
EMP-1082,11,1,True
EMP-1083,46,4,True
EMP-1084,0,0,True
EMP-1085,21,2,True
EMP-1088,30,1,True
EMP-1092,4,1,True
EMP-1094,59,1,True
EMP-1096,31,1,True
EMP-1097,20,3,True
EMP-1098,59,0,True
EMP-1099,34,0,True
EMP-1100,41,1,True
EMP-1101,5,4,True
EMP-1102,9,1,True
EMP-1103,2,0,True
EMP-1105,31,2,True
EMP-1106,51,3,True
EMP-1107,55,2,True
EMP-1108,35,0,True
EMP-1109,3,4,True
EMP-1111,38,4,True
EMP-1113,38,4,True
EMP-1114,36,4,True
EMP-1115,43,1,True
EMP-1116,33,2,True
EMP-1117,42,4,True
EMP-1118,29,2,True
EMP-1119,9,4,True
EMP-1120,4,3,True
EMP-1121,55,4,True
EMP-1124,26,0,True
EMP-1125,19,3,True
EMP-1126,17,4,True
EMP-1127,3,0,True
EMP-1128,57,3,True
EMP-1131,5,0,True
EMP-1132,13,4,True
EMP-1133,27,4,True
EMP-1135,21,0,True
EMP-1136,2,2,True
EMP-1137,20,1,True
EMP-1138,47,4,True
EMP-1140,15,1,True
EMP-1143,52,3,True
EMP-1148,21,0,True
EMP-1150,0,1,True
EMP-1152,6,4,True
EMP-1154,49,1,True
EMP-1156,24,3,True
EMP-1157,59,4,True
EMP-1158,48,4,True
EMP-1160,1,0,True
EMP-1161,19,1,True
EMP-1162,44,3,True
EMP-1163,3,4,True
EMP-1164,60,4,True
EMP-1165,10,3,True
EMP-1166,48,0,True
EMP-1167,51,3,True
EMP-1171,30,1,True
EMP-1172,49,4,True
EMP-1173,53,2,True
EMP-1175,44,0,True
EMP-1177,43,4,True
EMP-1179,23,4,True
EMP-1180,17,2,True
EMP-1182,52,4,True
EMP-1184,13,0,True
EMP-1185,25,1,True
EMP-1188,31,0,True
EMP-1190,23,1,True
EMP-1191,22,1,True
EMP-1192,36,2,True
EMP-1193,20,1,True
EMP-1195,60,2,True
EMP-1196,10,1,True
EMP-1198,23,1,True
EMP-1200,51,4,True
EMP-1201,29,2,True
EMP-1202,43,0,True
EMP-1203,39,1,True
EMP-1204,20,4,True
EMP-1206,45,0,True
EMP-1207,14,4,True
EMP-1210,45,1,True
EMP-1211,7,3,True
EMP-1212,42,2,True
EMP-1215,6,3,True
EMP-1216,52,3,True
EMP-1217,38,0,True
EMP-1218,2,1,True
EMP-1219,6,2,True
EMP-1220,11,1,True
EMP-1221,58,1,True
EMP-1224,35,4,True
EMP-1225,17,1,True
EMP-1226,16,0,True
EMP-1228,1,2,True
EMP-1231,12,0,True
EMP-1233,52,0,True
EMP-1234,36,4,True
EMP-1235,22,1,True
EMP-1237,1,0,True
EMP-1238,20,3,True
EMP-1239,23,2,True
EMP-1240,7,2,True
EMP-1241,37,2,True
EMP-1242,40,0,True
EMP-1243,60,4,True
EMP-1244,21,0,True
EMP-1245,16,2,True
EMP-1246,50,1,True
EMP-1248,21,3,True
EMP-1249,38,2,True
EMP-1250,44,1,True
EMP-1251,53,2,True
EMP-1252,19,1,True
EMP-1254,37,0,True
EMP-1255,7,4,True
EMP-1256,47,3,True
EMP-1257,2,3,True
EMP-1258,42,4,True
EMP-1259,12,4,True
EMP-1260,28,2,True
EMP-1263,4,3,True
EMP-1264,42,2,True
EMP-1265,29,1,True
EMP-1267,40,3,True
EMP-1268,21,4,True
EMP-1269,0,4,True
EMP-1270,35,2,True
EMP-1273,42,4,True
EMP-1275,40,0,True
EMP-1277,15,0,True
EMP-1278,43,2,True
EMP-1279,33,1,True
EMP-1280,12,4,True
EMP-1281,6,0,True
EMP-1282,19,2,True
EMP-1283,1,3,True
EMP-1285,43,0,True
EMP-1286,0,0,True
EMP-1288,2,2,True
EMP-1289,9,4,True
EMP-1291,19,0,True
EMP-1292,1,0,True
EMP-1293,38,4,True
EMP-1294,8,3,True
EMP-1295,48,3,True
EMP-1296,34,1,True
EMP-1297,5,1,True
EMP-1298,24,2,True
EMP-1299,8,1,True
EMP-1301,59,2,True
EMP-1303,36,4,True
EMP-1304,49,3,True
EMP-1306,22,4,True
EMP-1307,8,2,True
EMP-1308,14,3,True
EMP-1309,25,2,True
EMP-1310,47,3,True
EMP-1311,26,3,True
EMP-1312,56,4,True
EMP-1314,22,4,True
EMP-1315,14,0,True
EMP-1317,30,3,True
EMP-1318,6,3,True
EMP-1319,40,3,True
EMP-1321,6,0,True
EMP-1322,39,2,True
EMP-1324,23,4,True
EMP-1329,21,4,True
EMP-1331,37,1,True
EMP-1333,43,2,True
EMP-1334,56,4,True
EMP-1336,17,4,True
EMP-1338,49,1,True
EMP-1340,50,4,True
EMP-1344,60,4,True
EMP-1346,58,0,True
EMP-1349,48,0,True
EMP-1350,17,0,True
EMP-1352,42,0,True
EMP-1355,47,3,True
EMP-1356,17,1,True
EMP-1358,49,3,True
EMP-1360,42,0,True
EMP-1361,29,3,True
EMP-1362,52,3,True
EMP-1363,5,4,True
EMP-1364,41,1,True
EMP-1367,47,2,True
EMP-1368,2,2,True
EMP-1369,24,1,True
EMP-1371,31,3,True
EMP-1372,12,2,True
EMP-1373,53,4,True
EMP-1374,38,0,True
EMP-1375,16,1,True
EMP-1377,26,2,True
EMP-1379,6,2,True
EMP-1380,5,4,True
EMP-1382,45,3,True
EMP-1383,60,0,True
EMP-1387,16,2,True
EMP-1389,14,4,True
EMP-1390,41,4,True
EMP-1391,31,4,True
EMP-1392,8,2,True
EMP-1394,40,0,True
EMP-1395,12,1,True
EMP-1396,7,4,True
EMP-1397,28,1,True
EMP-1399,45,3,True
EMP-1401,31,0,True
EMP-1402,39,2,True
EMP-1403,14,4,True
EMP-1405,30,1,True
EMP-1407,43,0,True
EMP-1408,32,1,True
EMP-1409,14,0,True
EMP-1411,58,3,True
EMP-1412,4,0,True
EMP-1415,55,1,True
EMP-1417,44,2,True
EMP-1419,6,1,True
EMP-1420,15,3,True
EMP-1421,22,4,True
EMP-1422,58,4,True
EMP-1423,31,3,True
EMP-1424,15,4,True
EMP-1425,56,3,True
EMP-1427,7,0,True
EMP-1428,49,4,True
EMP-1430,50,2,True
EMP-1431,23,0,True
EMP-1433,2,3,True
EMP-1434,54,1,True
EMP-1435,59,2,True
EMP-1436,23,3,True
EMP-1438,11,0,True
EMP-1439,16,2,True
EMP-1440,8,0,True
EMP-1441,37,0,True
EMP-1443,31,1,True
EMP-1445,21,3,True
EMP-1446,39,2,True
EMP-1447,37,0,True
EMP-1448,0,3,True
EMP-1449,24,2,True
EMP-1453,52,0,True
EMP-1457,48,2,True
EMP-1458,52,1,True
EMP-1459,58,3,True
EMP-1460,3,4,True
EMP-1461,16,1,True
EMP-1464,28,3,True
EMP-1465,31,0,True
EMP-1466,47,2,True
EMP-1467,44,4,True
EMP-1468,43,0,True
EMP-1469,9,4,True
EMP-1471,41,0,True
EMP-1472,48,2,True
EMP-1473,45,0,True
EMP-1474,35,0,True
EMP-1475,5,1,True
EMP-1477,9,2,True
EMP-1478,45,3,True
EMP-1479,52,1,True
EMP-1480,50,2,True
EMP-1481,26,0,True
EMP-1482,35,3,True
EMP-1483,10,0,True
EMP-1484,36,4,True
EMP-1485,11,0,True
EMP-1486,48,3,True
EMP-1487,47,1,True
EMP-1489,3,4,True
EMP-1492,57,1,True
EMP-1494,48,4,True
EMP-1495,23,4,True
EMP-1496,27,2,True
EMP-1497,4,2,True
EMP-1499,57,1,True
EMP-1501,6,2,True
EMP-1502,56,2,True
EMP-1503,39,0,True
EMP-1504,56,1,True
EMP-1506,22,4,True
EMP-1507,54,4,True
EMP-1509,25,0,True
EMP-1513,21,3,True
EMP-1514,20,1,True
EMP-1515,58,3,True
EMP-1516,28,3,True
EMP-1520,29,4,True
EMP-1522,39,3,True
EMP-1523,33,4,True
EMP-1525,33,4,True
EMP-1527,23,3,True
EMP-1529,10,2,True
EMP-1533,60,1,True
EMP-1534,29,1,True
EMP-1535,59,1,True
EMP-1537,28,1,True
EMP-1539,36,1,True
EMP-1541,33,2,True
EMP-1542,58,1,True
EMP-1543,6,1,True
EMP-1544,31,3,True
EMP-1545,9,1,True
EMP-1546,52,0,True
EMP-1547,32,0,True
EMP-1548,56,3,True
EMP-1549,16,4,True
EMP-1550,9,3,True
EMP-1551,38,0,True
EMP-1552,8,2,True
EMP-1553,22,1,True
EMP-1554,19,1,True
EMP-1555,13,4,True
EMP-1556,7,4,True
EMP-1557,40,3,True
EMP-1558,46,2,True
EMP-1560,24,2,True
EMP-1562,17,4,True
EMP-1563,9,3,True
EMP-1564,41,2,True
EMP-1568,49,0,True
EMP-1569,33,4,True
EMP-1572,26,4,True
EMP-1573,39,1,True
EMP-1574,55,1,True
EMP-1576,60,4,True
EMP-1577,11,4,True
EMP-1578,29,2,True
EMP-1580,53,1,True
EMP-1581,38,3,True
EMP-1582,49,3,True
EMP-1583,60,4,True
EMP-1585,6,2,True
EMP-1586,37,2,True
EMP-1587,32,0,True
EMP-1588,17,3,True
EMP-1590,39,1,True
EMP-1591,6,1,True
EMP-1592,30,3,True
EMP-1594,25,1,True
EMP-1595,23,1,True
EMP-1596,37,4,True
EMP-1597,57,4,True
EMP-1598,57,2,True
EMP-1599,42,1,True
EMP-1601,20,0,True
EMP-1602,58,3,True
EMP-1604,60,3,True
EMP-1605,51,3,True
EMP-1606,53,3,True
EMP-1607,49,2,True
EMP-1608,46,3,True
EMP-1609,44,3,True
EMP-1611,38,3,True
EMP-1612,39,3,True
EMP-1613,23,0,True
EMP-1614,54,3,True
EMP-1615,38,4,True
EMP-1617,37,2,True
EMP-1618,45,2,True
EMP-1619,4,3,True
EMP-1621,56,2,True
EMP-1622,35,2,True
EMP-1623,57,4,True
EMP-1624,6,0,True
EMP-1625,14,4,True
EMP-1627,57,0,True
EMP-1628,42,1,True
EMP-1630,39,3,True
EMP-1631,24,3,True
EMP-1633,33,4,True
EMP-1635,33,1,True
EMP-1638,12,0,True
EMP-1639,34,1,True
EMP-1640,31,2,True
EMP-1641,19,1,True
EMP-1642,20,1,True
EMP-1644,46,4,True
EMP-1645,41,2,True
EMP-1646,28,3,True
EMP-1647,36,3,True
EMP-1648,14,2,True
EMP-1649,30,3,True
EMP-1650,34,4,True
EMP-1651,15,3,True
EMP-1653,10,1,True
EMP-1654,32,3,True
EMP-1655,57,1,True
EMP-1656,28,0,True
EMP-1657,54,2,True
EMP-1658,51,2,True
EMP-1659,45,2,True
EMP-1661,54,1,True
EMP-1662,25,1,True
EMP-1664,46,4,True
EMP-1665,8,1,True
EMP-1666,19,3,True
EMP-1667,34,1,True
EMP-1668,2,0,True
EMP-1669,46,0,True
EMP-1670,56,1,True
EMP-1671,6,4,True
EMP-1673,60,2,True
EMP-1674,5,3,True
EMP-1675,7,4,True
EMP-1676,46,0,True
EMP-1677,41,0,True
EMP-1678,57,4,True
EMP-1680,25,2,True
EMP-1681,34,3,True
EMP-1682,9,1,True
EMP-1683,42,4,True
EMP-1684,60,3,True
EMP-1687,36,1,True
EMP-1689,56,3,True
EMP-1691,24,0,True
EMP-1692,59,1,True
EMP-1693,32,1,True
EMP-1694,8,3,True
EMP-1696,22,3,True
EMP-1697,30,0,True
EMP-1698,4,4,True
EMP-1700,54,4,True
EMP-1701,14,2,True
EMP-1702,41,1,True
EMP-1703,56,2,True
EMP-1704,26,2,True
EMP-1706,37,3,True
EMP-1707,31,1,True
EMP-1708,46,0,True
EMP-1709,2,3,True
EMP-1710,21,3,True
EMP-1712,37,1,True
EMP-1714,5,3,True
EMP-1716,52,2,True
EMP-1718,38,2,True
EMP-1719,0,0,True
EMP-1720,0,1,True
EMP-1721,9,1,True
EMP-1722,40,4,True
EMP-1724,31,4,True
EMP-1725,29,4,True
EMP-1727,34,2,True
EMP-1728,30,1,True
EMP-1729,20,2,True
EMP-1731,0,3,True
EMP-1732,1,3,True
EMP-1733,42,3,True
EMP-1734,45,2,True
EMP-1735,14,3,True
EMP-1736,14,4,True
EMP-1737,24,3,True
EMP-1739,39,2,True
EMP-1740,36,4,True
EMP-1744,34,4,True
EMP-1745,2,3,True
EMP-1746,26,4,True
EMP-1747,45,1,True
EMP-1749,36,2,True
EMP-1751,49,1,True
EMP-1752,42,1,True
EMP-1753,54,3,True
EMP-1754,34,3,True
EMP-1755,34,0,True
EMP-1756,34,3,True
EMP-1757,16,0,True
EMP-1758,26,0,True
EMP-1760,10,2,True
EMP-1761,26,1,True
EMP-1762,9,4,True
EMP-1763,29,0,True
EMP-1764,58,0,True
EMP-1766,27,3,True
EMP-1767,45,1,True
EMP-1768,26,3,True
EMP-1770,55,3,True
EMP-1771,12,0,True
EMP-1772,50,2,True
EMP-1774,44,2,True
EMP-1775,54,0,True
EMP-1778,8,3,True
EMP-1779,54,4,True
EMP-1780,55,4,True
EMP-1782,18,0,True
EMP-1783,38,0,True
EMP-1784,35,4,True
EMP-1786,2,1,True
EMP-1787,32,3,True
EMP-1789,40,1,True
EMP-1790,12,1,True
EMP-1792,22,3,True
EMP-1794,35,1,True
EMP-1797,56,0,True
EMP-1798,3,2,True
EMP-1799,57,0,True
EMP-1800,49,0,True
EMP-1801,51,3,True
EMP-1802,2,2,True
EMP-1803,34,2,True
EMP-1804,22,0,True
EMP-1805,56,0,True
EMP-1807,45,1,True
EMP-1809,39,1,True
EMP-1812,1,2,True
EMP-1813,53,0,True
EMP-1814,29,4,True
EMP-1815,9,1,True
EMP-1816,53,4,True
EMP-1818,55,2,True
EMP-1821,30,2,True
EMP-1822,40,0,True
EMP-1823,37,3,True
EMP-1824,18,0,True
EMP-1826,45,3,True
EMP-1827,60,4,True
EMP-1829,56,1,True
EMP-1830,41,4,True
EMP-1833,21,3,True
EMP-1834,55,0,True
EMP-1835,56,1,True
EMP-1836,0,3,True
EMP-1837,20,3,True
EMP-1839,33,0,True
EMP-1842,35,3,True
EMP-1844,43,4,True
EMP-1845,31,0,True
EMP-1847,0,4,True
EMP-1849,10,2,True
EMP-1850,46,3,True
EMP-1852,42,0,True
EMP-1853,39,3,True
EMP-1854,26,2,True
EMP-1856,16,1,True
EMP-1857,18,3,True
EMP-1858,42,1,True
EMP-1859,30,0,True
EMP-1860,7,2,True
EMP-1862,24,3,True
EMP-1863,50,0,True
EMP-1864,36,4,True
EMP-1865,52,3,True
EMP-1866,31,4,True
EMP-1867,29,2,True
EMP-1868,57,0,True
EMP-1869,30,0,True
EMP-1870,8,2,True
EMP-1871,24,2,True
EMP-1873,39,3,True
EMP-1875,21,3,True
EMP-1876,25,3,True
EMP-1878,53,2,True
EMP-1880,26,0,True
EMP-1881,18,2,True
EMP-1882,6,4,True
EMP-1883,24,4,True
EMP-1885,46,4,True
EMP-1886,18,0,True
EMP-1888,28,2,True
EMP-1890,40,3,True
EMP-1892,56,1,True
EMP-1893,49,2,True
EMP-1898,17,0,True
EMP-1900,10,0,True
EMP-1903,40,0,True
EMP-1905,15,4,True
EMP-1907,23,4,True
EMP-1908,6,2,True
EMP-1909,47,0,True
EMP-1911,9,1,True
EMP-1912,23,2,True
EMP-1915,24,0,True
EMP-1916,2,3,True
EMP-1918,47,4,True
EMP-1922,37,4,True
EMP-1924,33,4,True
EMP-1927,10,4,True
EMP-1928,3,0,True
EMP-1929,3,2,True
EMP-1931,38,2,True
EMP-1932,45,0,True
EMP-1933,48,0,True
EMP-1934,48,2,True
EMP-1935,24,3,True
EMP-1936,0,1,True
EMP-1937,14,2,True
EMP-1938,48,0,True
EMP-1939,46,0,True
EMP-1940,30,2,True
EMP-1941,1,2,True
EMP-1943,47,3,True
EMP-1944,49,4,True
EMP-1945,13,0,True
EMP-1947,49,1,True
EMP-1948,39,4,True
EMP-1949,54,0,True
EMP-1950,38,4,True
EMP-1951,5,4,True
EMP-1952,39,0,True
EMP-1954,6,0,True
EMP-1955,15,3,True
EMP-1956,53,2,True
EMP-1960,59,4,True
EMP-1961,28,2,True
EMP-1962,17,3,True
EMP-1965,23,1,True
EMP-1966,14,1,True
EMP-1967,34,0,True
EMP-1968,25,0,True
EMP-1969,3,0,True
EMP-1970,37,4,True
EMP-1971,39,0,True
EMP-1972,40,2,True
EMP-1973,57,2,True
EMP-1974,42,0,True
EMP-1975,41,4,True
EMP-1976,12,2,True
EMP-1979,28,0,True
EMP-1980,26,0,True
EMP-1981,58,3,True
EMP-1982,28,3,True
EMP-1985,41,2,True
EMP-1986,32,2,True
EMP-1987,3,0,True
EMP-1989,57,0,True
EMP-1992,40,2,True
EMP-1993,14,1,True
EMP-1994,3,1,True
EMP-1995,57,1,True
EMP-1996,18,3,True
EMP-1997,1,1,True
EMP-1998,37,1,True
EMP-1999,0,1,True
EMP-2000,13,3,True
EMP-2003,54,0,True
EMP-2007,2,4,True
EMP-2008,45,2,True
EMP-2009,37,1,True
EMP-2010,18,3,True
EMP-2012,17,4,True
EMP-2013,28,0,True
EMP-2014,32,1,True
EMP-2015,54,0,True
EMP-2016,15,0,True
EMP-2017,36,3,True
EMP-2018,41,0,True
EMP-2019,0,1,True
EMP-2020,54,4,True
EMP-2021,60,3,True
EMP-2022,5,3,True
EMP-2023,15,0,True
EMP-2024,47,4,True
EMP-2025,49,0,True
EMP-2026,9,3,True
EMP-2027,55,3,True
EMP-2031,20,2,True
EMP-2032,17,4,True
EMP-2034,21,4,True
EMP-2035,40,0,True
EMP-2036,12,4,True
EMP-2037,33,1,True
EMP-2038,4,3,True
EMP-2040,8,4,True
EMP-2041,46,2,True
EMP-2044,23,4,True
EMP-2045,48,4,True
EMP-2046,44,2,True
EMP-2048,60,0,True
EMP-2049,8,2,True
EMP-2051,57,4,True
EMP-2052,54,1,True
EMP-2053,26,4,True
EMP-2054,8,0,True
EMP-2055,8,3,True
EMP-2056,31,3,True
EMP-2057,0,0,True
EMP-2060,5,2,True
EMP-2061,32,0,True
EMP-2062,34,1,True
EMP-2064,52,4,True
EMP-2065,59,0,True
EMP-2068,16,4,True
