BusinessTravel,DailyRate,Department,DistanceFromHome,Education,EducationField,EnvironmentSatisfaction,HourlyRate,JobInvolvement,JobLevel,JobRole,JobSatisfaction,MonthlyIncome,MonthlyRate,NumCompaniesWorked,OverTime,PercentSalaryHike,PerformanceRating,RelationshipSatisfaction,StockOptionLevel,TotalWorkingYears,TrainingTimesLastYear,WorkLifeBalance,YearsAtCompany,YearsInCurrentRole,YearsSinceLastPromotion,YearsWithCurrManager,Employee_ID
Travel_Rarely,1102,Sales,1,2,Life Sciences,2,94,3,2,Sales Executive,4,5993,19479,8,Yes,11,3,1,0,8,0,1,6,4,0,5,EMP-1
Travel_Frequently,279,Research & Development,8,1,Life Sciences,3,61,2,2,Research Scientist,2,5130,24907,1,No,23,4,4,1,10,3,3,10,7,1,7,EMP-2
Travel_Rarely,1373,Research & Development,2,2,Other,4,92,2,1,Laboratory Technician,3,2090,2396,6,Yes,15,3,2,0,7,3,3,0,0,0,0,EMP-4
Travel_Frequently,1392,Research & Development,3,4,Life Sciences,4,56,3,1,Research Scientist,3,2909,23159,1,Yes,11,3,3,0,8,3,3,8,7,3,0,EMP-5
Travel_Rarely,591,Research & Development,2,1,Medical,1,40,3,1,Laboratory Technician,2,3468,16632,9,No,12,3,4,1,6,3,3,2,2,2,2,EMP-7
Travel_Frequently,1005,Research & Development,2,2,Life Sciences,4,79,3,1,Laboratory Technician,4,3068,11864,0,No,13,3,3,0,8,2,2,7,7,3,6,EMP-8
Travel_Rarely,1324,Research & Development,3,3,Medical,3,81,4,1,Laboratory Technician,1,2670,9964,4,Yes,20,4,1,3,12,3,2,1,0,0,0,EMP-10
Travel_Rarely,1358,Research & Development,24,1,Life Sciences,4,67,3,1,Laboratory Technician,3,2693,13335,1,No,22,4,2,1,1,2,3,1,0,0,0,EMP-11
Travel_Frequently,216,Research & Development,23,3,Life Sciences,4,44,2,3,Manufacturing Director,3,9526,8787,0,No,21,4,2,0,10,2,3,9,7,1,8,EMP-12
Travel_Rarely,1299,Research & Development,27,3,Medical,3,94,3,2,Healthcare Representative,3,5237,16577,6,No,13,3,2,2,17,3,2,7,7,7,7,EMP-13
