,DailyRate,DistanceFromHome,Education,EnvironmentSatisfaction,HourlyRate,JobInvolvement,JobLevel,JobSatisfaction,MonthlyIncome,MonthlyRate,NumCompaniesWorked,PercentSalaryHike,PerformanceRating,RelationshipSatisfaction,StockOptionLevel,TotalWorkingYears,TrainingTimesLastYear,WorkLifeBalance,YearsAtCompany,YearsInCurrentRole,YearsSinceLastPromotion,YearsWithCurrManager
DailyRate,1.0,0.0027398351544007664,0.019133223759141095,0.02657047301943028,0.027750581333952577,0.04307983721873356,0.003532771755969942,0.024861849180022058,0.00708549092009742,-0.043550806461654226,0.04757514663842845,0.03302002179942674,0.009751819612008198,-0.0013757539397849952,0.03423549861746204,0.02812059321061338,-0.005002877102711068,-0.051671986315777595,-0.022278003267218367,0.027478338377412096,-0.017438592638148898,0.0017029618636359904
DistanceFromHome,0.0027398351544007664,1.0,0.03672026432119664,-0.0070168027529388145,0.019683026384127455,0.03230051681227759,0.018199561642501753,-0.03791627206887861,0.0014388500564639795,0.037046948788491144,0.01064055858232495,0.04643940943946025,0.014030137276631388,0.01746488332751456,0.048902634292159776,0.011575433374952435,-0.02447431221407901,-0.011219597104612183,-0.017431035168623914,0.003372765568422353,-0.007588710493581711,-0.010788904123700935
Education,0.019133223759141095,0.03672026432119664,1.0,-0.06625793565391026,0.04655660143781073,0.0498048305177307,0.10175633382681497,-0.02828576195510224,0.09320879758520487,-0.034447623387827545,0.1110782148493542,-0.050039193312847466,-0.04693921767512317,0.024156540647476323,0.007818140759932916,0.1404792886740984,-0.017816269082895953,-0.020310074374280944,0.05105939798383011,0.04489983665518649,0.05875700683048683,0.059559766358285485
EnvironmentSatisfaction,0.02657047301943028,-0.0070168027529388145,-0.06625793565391026,1.0,-0.05550423243828107,-0.008840736936082245,0.0024338130571638175,0.0011036313886864202,-0.007076401755227149,0.04564212203864038,0.027082602997029137,-0.03779858804121262,-0.023133372404412426,0.008078946642249786,0.00624806094608729,0.00043492539330168247,-0.019557809551135296,0.040736404053384995,0.00022741364161586687,0.027615813763694937,-0.0035505556694095807,-0.012083787734620164
HourlyRate,0.027750581333952577,0.019683026384127455,0.04655660143781073,-0.05550423243828107,1.0,0.02425965601792295,0.0035670926776663497,-0.08559441634304384,0.01930438250924899,0.008468339670738286,0.041619546460277504,-0.011357572661033617,-0.004040554148269245,-0.004335152290742642,0.051786260941500975,0.034871199205529856,-0.04291793163617497,-0.0017353130985372914,0.00020037113260136375,-0.022895583382921587,3.460121563791801e-05,-0.00012188943206677424
JobInvolvement,0.04307983721873356,0.03230051681227759,0.0498048305177307,-0.008840736936082245,0.02425965601792295,1.0,0.011114338235968522,-0.02100209374044019,0.012431001314668557,-0.041018513100564355,-0.002879714996179433,-0.012717670498397069,-0.03544353911367472,0.020722048407578526,0.013494400729953593,0.000947795688055882,-0.030217423135318222,-0.013894909538366836,-0.022314163072544843,-0.007505455970153439,-0.04536833083453768,0.01315690554252984
JobLevel,0.003532771755969942,0.018199561642501753,0.10175633382681497,0.0024338130571638175,0.0035670926776663497,0.011114338235968522,1.0,-4.319667526941151e-05,0.9459429062867579,0.06862207277667111,0.14569222186933675,-0.014685229337163793,-0.0003325250460601455,-0.01670275268285198,-0.011910146985215957,0.7817159363454526,0.00793285561771506,0.04313581653197965,0.5145723460030607,0.3698424312495696,0.3446662336199848,0.3601233923972999
JobSatisfaction,0.024861849180022058,-0.03791627206887861,-0.02828576195510224,0.0011036313886864202,-0.08559441634304384,-0.02100209374044019,-4.319667526941151e-05,1.0,-0.0035053650222714515,-0.0032361427116017294,-0.041612594914875525,0.013060686177983699,-0.005662128875733295,0.007904681070991034,0.025800472737448444,0.001109738721631797,-0.029033344134376707,-0.04719392630652236,-0.010091049986866534,-0.03218876589719246,-0.02741421564648972,-0.02819163066610339
MonthlyIncome,0.00708549092009742,0.0014388500564639795,0.09320879758520487,-0.007076401755227149,0.01930438250924899,0.012431001314668557,0.9459429062867579,-0.0035053650222714515,1.0,0.06267710292151707,0.15472108977171087,-0.006525918264038661,0.002953426796828837,-0.0019439234896935838,-0.027703469988488185,0.7697137406637311,-0.0008458565950690509,0.0365263399606139,0.48875396505557644,0.34346409300057296,0.33973010875576787,0.3240995661325713
MonthlyRate,-0.043550806461654226,0.037046948788491144,-0.034447623387827545,0.04564212203864038,0.008468339670738286,-0.041018513100564355,0.06862207277667111,-0.0032361427116017294,0.06267710292151707,1.0,-0.004196334118469961,-0.0032471087497314764,0.010674835363575481,-0.014255025741660057,-0.06727644068669714,0.07155120513702758,0.006841160616700491,0.004517233253584386,0.039699824383568054,0.041621263584448884,0.0452117544153176,-0.0019183813033436415
NumCompaniesWorked,0.04757514663842845,0.01064055858232495,0.1110782148493542,0.027082602997029137,0.041619546460277504,-0.002879714996179433,0.14569222186933675,-0.041612594914875525,0.15472108977171087,-0.004196334118469961,1.0,-0.018861453918558514,-0.0080770007632526,0.04988534770784571,0.016951399226552376,0.24839346451119607,-0.04034184950628339,-0.007152448821079681,-0.1121002628768759,-0.09921845968085602,-0.03558354601736435,-0.12202216900309656
PercentSalaryHike,0.03302002179942674,0.04643940943946025,-0.050039193312847466,-0.03779858804121262,-0.011357572661033617,-0.012717670498397069,-0.014685229337163793,0.013060686177983699,-0.006525918264038661,-0.0032471087497314764,-0.018861453918558514,1.0,0.7734262953732656,-0.03246425874275213,0.03003301603109233,0.002903312366853425,0.0006925346840145614,-0.016615048877985043,-0.012991596094853768,0.030530893160915645,0.006271359898700766,0.011680062077848549
PerformanceRating,0.009751819612008198,0.014030137276631388,-0.04693921767512317,-0.023133372404412426,-0.004040554148269245,-0.03544353911367472,-0.0003325250460601455,-0.005662128875733295,0.002953426796828837,0.010674835363575481,-0.0080770007632526,0.7734262953732656,1.0,-0.035494846462188166,0.010241317096221553,0.027479306188813248,-0.023637200631954874,-0.02946793896254016,0.018413340576921112,0.04797722390657897,0.037449678338652426,0.035985928742864486
RelationshipSatisfaction,-0.0013757539397849952,0.01746488332751456,0.024156540647476323,0.008078946642249786,-0.004335152290742642,0.020722048407578526,-0.01670275268285198,0.007904681070991034,-0.0019439234896935838,-0.014255025741660057,0.04988534770784571,-0.03246425874275213,-0.035494846462188166,1.0,-0.07494017398368628,0.0064060275535505,0.0028923547467228114,0.05607846764894349,-0.004370766353936501,-0.05578037595405197,0.02602291772445527,-0.03482442005463967
StockOptionLevel,0.03423549861746204,0.048902634292159776,0.007818140759932916,0.00624806094608729,0.051786260941500975,0.013494400729953593,-0.011910146985215957,0.025800472737448444,-0.027703469988488185,-0.06727644068669714,0.016951399226552376,0.03003301603109233,0.010241317096221553,-0.07494017398368628,1.0,-0.019499709902064257,0.03190602520579287,0.021527753670485362,0.003638835370077665,0.045277848681010265,-0.009722171753851655,0.016257891385056927
TotalWorkingYears,0.02812059321061338,0.011575433374952435,0.1404792886740984,0.00043492539330168247,0.034871199205529856,0.000947795688055882,0.7817159363454526,0.001109738721631797,0.7697137406637311,0.07155120513702758,0.24839346451119607,0.002903312366853425,0.027479306188813248,0.0064060275535505,-0.019499709902064257,1.0,-0.03396063438106999,0.0006957948635924584,0.6056520263081865,0.4369265024411402,0.39258132378184385,0.42673152479026194
TrainingTimesLastYear,-0.005002877102711068,-0.02447431221407901,-0.017816269082895953,-0.019557809551135296,-0.04291793163617497,-0.030217423135318222,0.00793285561771506,-0.029033344134376707,-0.0008458565950690509,0.006841160616700491,-0.04034184950628339,0.0006925346840145614,-0.023637200631954874,0.0028923547467228114,0.03190602520579287,-0.03396063438106999,1.0,0.02210017951297697,-0.0051779118138572935,-0.0030552105106171584,-0.008418390769869336,-0.007845005379412802
WorkLifeBalance,-0.051671986315777595,-0.011219597104612183,-0.020310074374280944,0.040736404053384995,-0.0017353130985372914,-0.013894909538366836,0.04313581653197965,-0.04719392630652236,0.0365263399606139,0.004517233253584386,-0.007152448821079681,-0.016615048877985043,-0.02946793896254016,0.05607846764894349,0.021527753670485362,0.0006957948635924584,0.02210017951297697,1.0,0.014829953674991785,0.0643807757909838,0.017645576050543225,0.012376163350805788
YearsAtCompany,-0.022278003267218367,-0.017431035168623914,0.05105939798383011,0.00022741364161586687,0.00020037113260136375,-0.022314163072544843,0.5145723460030607,-0.010091049986866534,0.48875396505557644,0.039699824383568054,-0.1121002628768759,-0.012991596094853768,0.018413340576921112,-0.004370766353936501,0.003638835370077665,0.6056520263081865,-0.0051779118138572935,0.014829953674991785,1.0,0.7670314563922775,0.6326179549640193,0.7691653350542086
YearsInCurrentRole,0.027478338377412096,0.003372765568422353,0.04489983665518649,0.027615813763694937,-0.022895583382921587,-0.007505455970153439,0.3698424312495696,-0.03218876589719246,0.34346409300057296,0.041621263584448884,-0.09921845968085602,0.030530893160915645,0.04797722390657897,-0.05578037595405197,0.045277848681010265,0.4369265024411402,-0.0030552105106171584,0.0643807757909838,0.7670314563922775,1.0,0.5400012629318742,0.7140420620750257
YearsSinceLastPromotion,-0.017438592638148898,-0.007588710493581711,0.05875700683048683,-0.0035505556694095807,3.460121563791801e-05,-0.04536833083453768,0.3446662336199848,-0.02741421564648972,0.33973010875576787,0.0452117544153176,-0.03558354601736435,0.006271359898700766,0.037449678338652426,0.02602291772445527,-0.009722171753851655,0.39258132378184385,-0.008418390769869336,0.017645576050543225,0.6326179549640193,0.5400012629318742,1.0,0.4999181570931096
YearsWithCurrManager,0.0017029618636359904,-0.010788904123700935,0.059559766358285485,-0.012083787734620164,-0.00012188943206677424,0.01315690554252984,0.3601233923972999,-0.02819163066610339,0.3240995661325713,-0.0019183813033436415,-0.12202216900309656,0.011680062077848549,0.035985928742864486,-0.03482442005463967,0.016257891385056927,0.42673152479026194,-0.007845005379412802,0.012376163350805788,0.7691653350542086,0.7140420620750257,0.4999181570931096,1.0
