,BusinessTravel,DailyRate,Department,DistanceFromHome,Education,EducationField,EnvironmentSatisfaction,HourlyRate,JobInvolvement,JobLevel,JobRole,JobSatisfaction,MonthlyIncome,MonthlyRate,NumCompaniesWorked,OverTime,PercentSalaryHike,PerformanceRating,RelationshipSatisfaction,StockOptionLevel,TotalWorkingYears,TrainingTimesLastYear,WorkLifeBalance,YearsAtCompany,YearsInCurrentRole,YearsSinceLastPromotion,YearsWithCurrManager
count,1029,1029.0,1029,1029.0,1029.0,1029,1029.0,1029.0,1029.0,1029.0,1029,1029.0,1029.0,1029.0,1029.0,1029,1029.0,1029.0,1029.0,1029.0,1029.0,1029.0,1029.0,1029.0,1029.0,1029.0,1029.0
unique,3,,3,,,6,,,,,9,,,,,2,,,,,,,,,,,
top,Travel_Rarely,,Research & Development,,,Life Sciences,,,,,Sales Executive,,,,,No,,,,,,,,,,,
freq,732,,668,,,419,,,,,239,,,,,727,,,,,,,,,,,
mean,,809.5432458697765,,9.298347910592808,2.89310009718173,,2.706511175898931,65.14188532555879,2.7317784256559765,2.0826044703595725,,2.706511175898931,6548.270165208941,14465.365403304178,2.7201166180758016,,15.196307094266277,3.1545189504373177,2.7444120505344993,0.7910592808551993,11.323615160349854,2.741496598639456,2.759961127308066,6.938775510204081,4.233236151603498,2.1895043731778427,4.13022351797862
std,,397.6667299859307,,8.160560892321314,1.031715455359102,,1.0855284244251275,20.345203852220145,0.7098328607191012,1.0849064493816771,,1.1094598429480345,4611.4596103862605,7231.472741045412,2.4973514347647643,,3.6442409615387694,0.361621250581391,1.0883984813356318,0.8461849296686363,7.688945280394843,1.2402295567129702,0.7151163808612971,5.9509295988615,3.5836343479355515,3.222918694251706,3.5353344313417936
min,,103.0,,1.0,1.0,,1.0,30.0,1.0,1.0,,1.0,1009.0,2094.0,0.0,,11.0,3.0,1.0,0.0,0.0,0.0,1.0,0.0,0.0,0.0,0.0
25%,,479.0,,2.0,2.0,,2.0,47.0,2.0,1.0,,2.0,2994.0,8053.0,1.0,,12.0,3.0,2.0,0.0,6.0,2.0,2.0,3.0,2.0,0.0,2.0
50%,,805.0,,7.0,3.0,,3.0,65.0,3.0,2.0,,3.0,5063.0,14506.0,2.0,,14.0,3.0,3.0,1.0,10.0,3.0,3.0,5.0,3.0,1.0,3.0
75%,,1157.0,,14.0,4.0,,4.0,82.0,3.0,3.0,,4.0,8446.0,21016.0,4.0,,18.0,3.0,4.0,1.0,15.0,3.0,3.0,10.0,7.0,3.0,7.0
max,,1499.0,,29.0,5.0,,4.0,100.0,4.0,5.0,,4.0,19973.0,26999.0,9.0,,25.0,4.0,4.0,3.0,40.0,6.0,4.0,37.0,17.0,15.0,17.0
