case_id,question,answerable,expected_sources,expected_source_hits,expected_source_count,all_expected_in_top_k,abstained,retrieved_sources
P01,How many annual leave days are available?,True,Leave_Policy.pdf|1|2. Leave balances,1,1,True,False,Leave_Policy.pdf|1|2. Leave balances; Leave_Policy.pdf|1|1. Purpose and scope; Leave_Policy.pdf|2|8. Examples and policy boundaries; Leave_Policy.pdf|2|6. Carry-forward and changes; Leave_Policy.pdf|1|3. Planned requests and approval
P02,How many days ahead should annual leave be requested?,True,Leave_Policy.pdf|1|3. Planned requests and approval,1,1,True,False,Leave_Policy.pdf|1|3. Planned requests and approval; Leave_Policy.pdf|1|2. Leave balances; Leave_Policy.pdf|1|1. Purpose and scope; Leave_Policy.pdf|2|6. Carry-forward and changes; Leave_Policy.pdf|2|8. Examples and policy boundaries
P03,When does sick leave need a medical certificate?,True,Leave_Policy.pdf|1|4.2 Medical evidence,1,1,True,False,Leave_Policy.pdf|1|4.2 Medical evidence; Leave_Policy.pdf|1|4.1 Sick-leave notification; Work_From_Home_Policy.pdf|1|3.1 Temporary remote work after illness; Leave_Policy.pdf|2|8. Examples and policy boundaries; Leave_Policy.pdf|2|5.1 Leave followed by remote work
P04,Can sick leave be followed by temporary remote work?,True,Leave_Policy.pdf|2|5.1 Leave followed by remote work;Work_From_Home_Policy.pdf|1|3.1 Temporary remote work after illness,2,2,True,False,Work_From_Home_Policy.pdf|1|3.1 Temporary remote work after illness; Leave_Policy.pdf|2|5.1 Leave followed by remote work; Leave_Policy.pdf|1|4.1 Sick-leave notification; Work_From_Home_Policy.pdf|1|3.2 Extension or other temporary needs; Work_From_Home_Policy.pdf|2|8. Worked examples
P05,How many unused annual leave days carry forward?,True,Leave_Policy.pdf|2|6. Carry-forward and changes,1,1,True,False,Leave_Policy.pdf|1|2. Leave balances; Leave_Policy.pdf|2|6. Carry-forward and changes; Leave_Policy.pdf|1|1. Purpose and scope; Leave_Policy.pdf|2|8. Examples and policy boundaries; Leave_Policy.pdf|1|3. Planned requests and approval
P06,How soon can HR review a declined leave request?,True,Leave_Policy.pdf|2|7. Responsibilities and review,1,1,True,False,Leave_Policy.pdf|1|3. Planned requests and approval; Promotion_Policy.pdf|2|6. Communication and reconsideration; Performance_Review_Policy.pdf|2|7. Review requests and access; Employee_Code_of_Conduct.pdf|2|6. Review and non-retaliation; Leave_Policy.pdf|2|7. Responsibilities and review
P07,How many routine remote days may I request weekly?,True,Work_From_Home_Policy.pdf|1|2.1 Routine hybrid work,1,1,True,False,Work_From_Home_Policy.pdf|1|2.1 Routine hybrid work; Work_From_Home_Policy.pdf|2|8. Worked examples; Work_From_Home_Policy.pdf|1|3.1 Temporary remote work after illness; Work_From_Home_Policy.pdf|1|2.2 Coverage and exceptions; Leave_Policy.pdf|1|2. Leave balances
P08,Can a temporary remote arrangement last five days after illness?,True,Work_From_Home_Policy.pdf|1|3.1 Temporary remote work after illness,1,1,True,False,Work_From_Home_Policy.pdf|1|3.1 Temporary remote work after illness; Work_From_Home_Policy.pdf|1|3.2 Extension or other temporary needs; Leave_Policy.pdf|1|4.2 Medical evidence; Work_From_Home_Policy.pdf|2|8. Worked examples; Leave_Policy.pdf|2|5.1 Leave followed by remote work
P09,What are core collaboration hours when working from home?,True,Work_From_Home_Policy.pdf|2|4. Availability and work records,1,1,True,False,Work_From_Home_Policy.pdf|2|4. Availability and work records; Work_From_Home_Policy.pdf|1|2.1 Routine hybrid work; Work_From_Home_Policy.pdf|2|Document introduction; Leave_Policy.pdf|1|2. Leave balances; Work_From_Home_Policy.pdf|2|8. Worked examples
P10,Must I use MFA and a company device at home?,True,Work_From_Home_Policy.pdf|2|5. Security and equipment,1,1,True,False,Work_From_Home_Policy.pdf|2|5. Security and equipment; Work_From_Home_Policy.pdf|2|Document introduction; Leave_Policy.pdf|2|Document introduction; Employee_Code_of_Conduct.pdf|2|Document introduction; Work_From_Home_Policy.pdf|1|Document introduction
P11,When are annual performance goals set?,True,Performance_Review_Policy.pdf|1|2. Review calendar,1,1,True,False,Performance_Review_Policy.pdf|1|2. Review calendar; Performance_Review_Policy.pdf|1|3.1 Goals and evidence; Promotion_Policy.pdf|1|2.1 Standard eligibility; Promotion_Policy.pdf|1|3.2 Organizational requirements; Performance_Review_Policy.pdf|2|8. Links to promotion and workforce insights
P12,How many development actions may a review agree?,True,Performance_Review_Policy.pdf|2|6. Calibration and development,1,1,True,False,Promotion_Policy.pdf|2|8. Worked examples; Performance_Review_Policy.pdf|2|6. Calibration and development; Performance_Review_Policy.pdf|2|5. Review procedure; Performance_Review_Policy.pdf|1|2. Review calendar; Promotion_Policy.pdf|2|6. Communication and reconsideration
P13,Can an employee dispute a performance review?,True,Performance_Review_Policy.pdf|2|7. Review requests and access,1,1,True,False,"Performance_Review_Policy.pdf|2|7. Review requests and access; Performance_Review_Policy.pdf|2|8. Links to promotion and workforce insights; Employee_Code_of_Conduct.pdf|2|7. Access and correction; Performance_Review_Policy.pdf|2|5. Review procedure; Work_From_Home_Policy.pdf|2|7. Review, cancellation and records"
P14,How long must I be in a role for standard promotion eligibility?,True,Promotion_Policy.pdf|1|2.1 Standard eligibility,1,1,True,False,Promotion_Policy.pdf|1|2.1 Standard eligibility; Promotion_Policy.pdf|1|3.1 Promotion evidence; Promotion_Policy.pdf|2|8. Worked examples; Leave_Policy.pdf|1|1. Purpose and scope; Performance_Review_Policy.pdf|2|9. Worked examples and limitations
P15,Who gives final written approval for a promotion?,True,Promotion_Policy.pdf|2|5. Panel and approval,1,1,True,False,"Promotion_Policy.pdf|1|3.1 Promotion evidence; Promotion_Policy.pdf|2|7. Development, records and AI use; Promotion_Policy.pdf|2|5. Panel and approval; Promotion_Policy.pdf|2|Document introduction; Promotion_Policy.pdf|2|4. Review cycles and nominations"
P16,When do promotion panels normally convene?,True,Promotion_Policy.pdf|2|4. Review cycles and nominations,1,1,True,False,Promotion_Policy.pdf|2|4. Review cycles and nominations; Promotion_Policy.pdf|2|Document introduction; Promotion_Policy.pdf|2|5. Panel and approval; Performance_Review_Policy.pdf|2|8. Links to promotion and workforce insights; Performance_Review_Policy.pdf|1|2. Review calendar
P17,What is the nightly hotel limit in Delhi?,True,Travel_Reimbursement_Policy.pdf|1|3.2 Accommodation,1,1,True,False,Travel_Reimbursement_Policy.pdf|1|3.2 Accommodation; Travel_Reimbursement_Policy.pdf|2|8. Worked examples; Travel_Reimbursement_Policy.pdf|1|3.3 Meals and local costs; Travel_Reimbursement_Policy.pdf|1|1. Purpose and scope
P18,What mileage rate applies to an approved personal car trip?,True,Travel_Reimbursement_Policy.pdf|1|3.1 Transport,1,1,True,False,Travel_Reimbursement_Policy.pdf|1|3.1 Transport; Travel_Reimbursement_Policy.pdf|1|2. Pre-travel approval; Travel_Reimbursement_Policy.pdf|2|8. Worked examples; Travel_Reimbursement_Policy.pdf|1|3.3 Meals and local costs
P19,When should an expense report be submitted?,True,Travel_Reimbursement_Policy.pdf|2|4. Expense submission,1,1,True,False,Travel_Reimbursement_Policy.pdf|2|4. Expense submission; Travel_Reimbursement_Policy.pdf|2|7. Exceptions and records; Work_From_Home_Policy.pdf|2|6. Location and expenses; Performance_Review_Policy.pdf|1|2. Review calendar; Travel_Reimbursement_Policy.pdf|2|5. Missing receipts and duplicate claims
P20,How do I report a workplace concern?,True,Employee_Code_of_Conduct.pdf|2|5. Reporting concerns,1,1,True,False,"Employee_Code_of_Conduct.pdf|2|5. Reporting concerns; Work_From_Home_Policy.pdf|2|7. Review, cancellation and records; Employee_Code_of_Conduct.pdf|1|2. Respectful workplace; Leave_Policy.pdf|1|4.1 Sick-leave notification; Employee_Code_of_Conduct.pdf|2|Document introduction"
P21,May I share employee medical records in a public demo?,True,Employee_Code_of_Conduct.pdf|1|3.1 Confidential records,1,1,True,False,Employee_Code_of_Conduct.pdf|1|3.1 Confidential records; Work_From_Home_Policy.pdf|2|5. Security and equipment; Employee_Code_of_Conduct.pdf|2|7. Access and correction; Employee_Code_of_Conduct.pdf|1|3.2 Responsible AI and data use; Leave_Policy.pdf|1|4.2 Medical evidence
P22,How is retaliation after a good-faith report handled?,True,Employee_Code_of_Conduct.pdf|2|6. Review and non-retaliation,1,1,True,False,Employee_Code_of_Conduct.pdf|2|6. Review and non-retaliation; Employee_Code_of_Conduct.pdf|2|5. Reporting concerns; Performance_Review_Policy.pdf|2|7. Review requests and access; Promotion_Policy.pdf|2|6. Communication and reconsideration; Employee_Code_of_Conduct.pdf|2|7. Access and correction
P23,What is the company's cryptocurrency reimbursement rate?,False,,0,0,,False,Travel_Reimbursement_Policy.pdf|2|8. Worked examples; Travel_Reimbursement_Policy.pdf|2|Document introduction; Travel_Reimbursement_Policy.pdf|1|3.3 Meals and local costs
P24,Which office stocks are eligible for options?,False,,0,0,,True,
P25,What is the weather in Delhi today?,False,,0,0,,True,
P26,What is the visa policy for lunar travel?,False,,0,0,,True,
