Feature,Mean_Absolute_SHAP_LogOdds
categorical__OverTime_No,0.4975408387924166
numeric__StockOptionLevel,0.44474487378929056
numeric__MonthlyIncome,0.3268743821497573
numeric__NumCompaniesWorked,0.30038007359138513
numeric__YearsWithCurrManager,0.21983048683322784
numeric__RelationshipSatisfaction,0.2194081223987143
numeric__EnvironmentSatisfaction,0.21592746028040902
numeric__DistanceFromHome,0.18530878717763283
numeric__JobSatisfaction,0.14312161904845155
numeric__WorkLifeBalance,0.13607679955419028
categorical__JobRole_Research Scientist,0.13517936778903217
numeric__DailyRate,0.12714235901474855
numeric__YearsSinceLastPromotion,0.1240579946500333
categorical__BusinessTravel_Travel_Frequently,0.1053419821265267
numeric__TotalWorkingYears,0.10266746959677636
categorical__JobRole_Laboratory Technician,0.10051111230545627
numeric__JobLevel,0.08943371404358823
numeric__YearsAtCompany,0.08792786503711128
numeric__HourlyRate,0.08738549364175462
numeric__YearsInCurrentRole,0.08125571553501959
categorical__Department_Sales,0.08012961858694892
numeric__JobInvolvement,0.07995828134664819
categorical__Department_Research & Development,0.07854948263824361
categorical__JobRole_Sales Executive,0.06905205637913017
numeric__Education,0.054639566567076116
numeric__MonthlyRate,0.05314717152392871
categorical__BusinessTravel_Non-Travel,0.045743174111969535
numeric__TrainingTimesLastYear,0.04285373619334786
numeric__PercentSalaryHike,0.042751309026606454
categorical__EducationField_Life Sciences,0.03407735917426652
categorical__JobRole_Sales Representative,0.02416823161157
categorical__EducationField_Marketing,0.016556937693971208
categorical__EducationField_Medical,0.011248261918171328
categorical__JobRole_Research Director,0.007999851009410775
categorical__JobRole_Healthcare Representative,0.004198680346210968
categorical__OverTime_Yes,0.0033478569592300094
categorical__JobRole_Manufacturing Director,0.002113533372991156
categorical__BusinessTravel_Travel_Rarely,0.0014190078399481415
categorical__EducationField_Technical Degree,0.0006758354782777644
numeric__PerformanceRating,0.0
categorical__Department_Human Resources,0.0
categorical__EducationField_Human Resources,0.0
categorical__EducationField_Other,0.0
categorical__JobRole_Human Resources,0.0
categorical__JobRole_Manager,0.0
