BusinessTravel,DailyRate,Department,DistanceFromHome,Education,EducationField,EnvironmentSatisfaction,HourlyRate,JobInvolvement,JobLevel,JobRole,JobSatisfaction,MonthlyIncome,MonthlyRate,NumCompaniesWorked,OverTime,PercentSalaryHike,PerformanceRating,RelationshipSatisfaction,StockOptionLevel,TotalWorkingYears,TrainingTimesLastYear,WorkLifeBalance,YearsAtCompany,YearsInCurrentRole,YearsSinceLastPromotion,YearsWithCurrManager
Travel_Rarely,1046,Research & Development,10,3,Technical Degree,4,100,2,3,Healthcare Representative,4,10496,2755,6,No,15,3,4,0,20,2,3,4,3,1,3
Travel_Rarely,1349,Research & Development,23,3,Life Sciences,1,90,3,1,Research Scientist,4,2886,3032,1,No,22,4,2,2,3,3,1,3,2,0,2
Travel_Rarely,770,Human Resources,5,3,Life Sciences,3,84,3,4,Manager,2,14026,17588,1,Yes,11,3,2,1,33,2,3,33,9,0,10
Travel_Rarely,415,Sales,25,3,Medical,3,79,2,3,Sales Executive,4,10798,5268,5,No,13,3,3,1,18,5,3,1,0,0,0
Non-Travel,458,Research & Development,16,2,Life Sciences,3,74,3,1,Research Scientist,3,3544,8532,9,No,16,3,2,1,6,0,3,4,2,0,0
Travel_Rarely,930,Sales,9,3,Marketing,4,74,3,3,Sales Executive,1,10761,19239,4,Yes,12,3,3,1,18,2,3,5,4,0,2
Travel_Rarely,828,Sales,2,1,Life Sciences,2,77,3,2,Sales Executive,4,6582,8346,4,Yes,13,3,3,0,10,2,4,6,5,0,5
Travel_Rarely,1449,Sales,2,3,Marketing,1,94,1,5,Manager,2,18824,2493,2,Yes,16,3,1,0,26,2,3,24,10,1,11
Travel_Rarely,906,Sales,7,3,Life Sciences,4,91,2,2,Sales Executive,3,5484,16985,1,No,14,3,3,1,13,3,2,13,8,4,8
Travel_Rarely,1108,Research & Development,15,4,Other,3,65,3,1,Research Scientist,1,2367,16530,8,No,12,3,4,1,10,3,2,8,2,7,6
Travel_Rarely,1214,Research & Development,1,3,Medical,2,30,2,1,Research Scientist,3,2859,26278,1,No,18,3,1,0,6,3,3,6,4,0,4
Travel_Rarely,1370,Research & Development,3,1,Medical,2,87,3,1,Laboratory Technician,1,4723,16213,1,Yes,18,3,4,0,10,3,3,10,9,1,5
Travel_Rarely,1373,Research & Development,5,4,Life Sciences,4,56,2,2,Manufacturing Director,4,9679,10138,8,No,24,4,2,0,8,1,3,1,0,0,0
Travel_Frequently,897,Human Resources,10,3,Medical,1,59,3,1,Human Resources,4,2145,2097,0,No,14,3,4,1,3,2,3,2,2,2,1
Travel_Rarely,570,Sales,5,3,Marketing,4,30,2,2,Sales Executive,3,6118,5431,1,No,13,3,3,3,10,2,3,10,9,1,2
Travel_Rarely,464,Research & Development,4,2,Other,3,75,3,1,Laboratory Technician,4,1951,10910,1,No,12,3,3,1,1,3,3,1,0,0,0
Travel_Rarely,580,Research & Development,27,3,Medical,2,39,1,2,Manufacturing Director,1,4877,20460,0,No,21,4,2,1,6,5,2,5,3,0,0
Travel_Frequently,1234,Research & Development,20,5,Medical,2,41,3,4,Healthcare Representative,3,11245,20689,2,Yes,15,3,3,1,32,3,3,30,8,12,13
Non-Travel,248,Research & Development,23,2,Life Sciences,4,42,3,2,Laboratory Technician,1,3633,14039,1,Yes,15,3,3,1,9,2,3,9,8,0,8
Travel_Rarely,1210,Sales,2,3,Medical,1,78,2,2,Sales Executive,2,6644,3687,2,No,19,3,2,2,10,2,3,0,0,0,0
Travel_Rarely,813,Research & Development,17,5,Life Sciences,4,50,2,3,Research Director,1,13269,21981,5,No,15,3,3,3,19,3,3,14,11,1,11
Travel_Rarely,543,Research & Development,1,4,Life Sciences,1,83,3,1,Laboratory Technician,4,2406,4060,8,No,19,3,3,2,8,3,2,1,0,0,0
Travel_Rarely,884,Research & Development,15,3,Life Sciences,1,80,2,3,Manufacturing Director,3,10435,25800,1,No,13,3,4,2,18,2,3,18,15,14,12
Travel_Rarely,1174,Sales,3,4,Marketing,1,99,3,2,Sales Executive,2,9278,20763,3,Yes,16,3,4,0,15,3,3,5,4,0,1
Travel_Rarely,1103,Research & Development,14,3,Life Sciences,1,42,3,1,Research Scientist,1,2235,14377,1,Yes,14,3,4,2,9,3,2,9,7,6,8
Travel_Frequently,995,Research & Development,2,1,Life Sciences,1,87,3,2,Healthcare Representative,4,8853,24483,1,No,19,3,4,1,6,0,4,6,4,1,3
Travel_Rarely,938,Research & Development,2,4,Medical,3,79,3,1,Laboratory Technician,3,2519,12287,4,No,21,4,3,0,16,6,3,11,8,3,9
Travel_Rarely,561,Sales,2,3,Other,4,61,3,2,Sales Executive,2,4805,16177,0,No,19,3,2,1,9,3,4,8,7,3,7
Travel_Rarely,1017,Research & Development,25,3,Medical,1,55,2,1,Research Scientist,2,2313,2993,4,Yes,20,4,2,0,5,0,3,2,2,2,2
Travel_Rarely,1469,Research & Development,20,4,Medical,4,51,3,1,Research Scientist,3,2259,5543,4,No,17,3,1,2,13,2,2,0,0,0,0
Non-Travel,142,Sales,9,4,Medical,1,69,3,3,Sales Executive,2,8834,24666,1,No,13,3,4,1,9,6,3,9,5,7,7
Travel_Frequently,890,Research & Development,25,4,Medical,3,81,2,4,Manufacturing Director,4,13826,19028,3,No,22,4,3,0,31,3,3,9,8,0,0
Non-Travel,990,Research & Development,7,3,Technical Degree,3,64,3,1,Research Scientist,3,1274,7152,1,No,13,3,2,2,1,2,2,1,0,0,0
Travel_Rarely,1178,Sales,14,2,Life Sciences,3,87,3,2,Sales Executive,4,4936,14862,4,No,11,3,3,1,18,2,2,7,7,0,7
Travel_Rarely,1180,Research & Development,29,1,Medical,2,70,3,2,Healthcare Representative,1,6673,11354,7,Yes,19,3,2,0,17,2,3,1,0,0,0
Travel_Frequently,773,Research & Development,6,3,Life Sciences,3,39,2,1,Research Scientist,3,2703,22088,1,Yes,14,3,4,1,3,2,3,3,1,0,2
Travel_Rarely,1084,Research & Development,29,3,Technical Degree,4,54,3,2,Manufacturing Director,4,6261,4185,3,No,18,3,1,1,9,3,1,7,7,1,7
Travel_Frequently,888,Human Resources,10,4,Human Resources,3,71,3,2,Human Resources,3,6077,14814,3,No,11,3,3,0,10,2,3,6,3,1,2
Non-Travel,1400,Research & Development,3,3,Life Sciences,3,53,3,1,Laboratory Technician,4,2097,16734,4,No,15,3,3,1,9,3,1,5,3,1,4
Travel_Rarely,406,Sales,3,1,Marketing,1,52,3,4,Manager,3,17465,15596,3,No,12,3,4,1,23,3,3,12,9,4,9
Non-Travel,489,Research & Development,23,3,Medical,2,67,3,2,Laboratory Technician,2,2042,25043,4,No,12,3,3,1,17,3,4,3,2,1,2
Travel_Rarely,440,Research & Development,21,3,Medical,3,42,3,1,Research Scientist,4,2713,6672,1,No,11,3,3,1,5,2,1,5,2,0,2
Travel_Frequently,508,Sales,10,3,Marketing,2,46,2,2,Sales Executive,4,4682,4317,3,No,14,3,3,0,9,6,2,7,7,0,1
Travel_Rarely,544,Human Resources,2,1,Technical Degree,3,52,3,1,Human Resources,3,2696,24017,0,Yes,11,3,3,1,4,5,3,3,2,1,0
Travel_Rarely,798,Research & Development,6,4,Medical,1,66,2,1,Research Scientist,3,2187,5013,0,No,12,3,3,2,6,5,2,5,3,0,3
Travel_Rarely,722,Sales,24,1,Marketing,2,60,2,4,Sales Executive,4,12031,8828,0,No,11,3,1,1,21,2,2,20,9,9,6
Non-Travel,976,Research & Development,3,2,Medical,3,48,3,1,Research Scientist,1,3065,3995,1,Yes,13,3,4,1,4,3,4,4,2,2,3
Travel_Rarely,167,Research & Development,12,4,Life Sciences,2,46,3,1,Laboratory Technician,4,4766,9051,3,Yes,11,3,1,1,6,4,3,1,0,0,0
Travel_Rarely,930,Sales,3,3,Life Sciences,3,57,2,2,Sales Executive,2,8938,12227,2,No,11,3,3,1,14,5,3,5,4,0,4
Travel_Rarely,337,Sales,8,3,Marketing,3,54,3,2,Sales Executive,2,4393,26841,5,No,21,4,3,1,14,3,3,5,4,1,4
Travel_Rarely,736,Sales,26,3,Life Sciences,3,48,2,2,Sales Executive,1,4724,24232,1,No,11,3,3,1,5,0,3,5,3,0,4
Travel_Rarely,1128,Research & Development,13,3,Medical,2,95,4,2,Healthcare Representative,1,5538,5696,5,No,18,3,3,2,10,2,2,0,0,0,0
Travel_Rarely,1229,Research & Development,4,4,Life Sciences,4,30,3,2,Healthcare Representative,3,4035,16143,0,Yes,16,3,2,0,4,2,3,3,2,1,2
Non-Travel,895,Sales,9,2,Medical,1,39,3,1,Sales Representative,4,2610,2851,1,No,24,4,3,0,3,3,2,3,2,2,2
Travel_Rarely,1266,Sales,10,4,Technical Degree,2,63,2,2,Sales Executive,3,5673,6060,1,Yes,13,3,1,1,10,4,3,10,9,1,7
Travel_Rarely,1276,Sales,2,5,Life Sciences,2,91,3,4,Manager,1,16595,5626,7,No,16,3,2,1,22,2,3,18,16,11,8
Travel_Rarely,428,Sales,9,3,Marketing,2,52,1,1,Sales Representative,2,2760,14630,1,No,13,3,3,0,2,3,3,2,2,2,2
Travel_Rarely,654,Research & Development,5,3,Life Sciences,4,34,2,3,Healthcare Representative,4,7119,21214,4,No,15,3,3,1,9,2,3,3,2,1,2
Travel_Rarely,601,Research & Development,7,4,Medical,3,53,2,3,Manufacturing Director,1,10008,12023,7,Yes,14,3,4,0,31,0,2,10,9,5,9
Travel_Rarely,1320,Research & Development,20,3,Technical Degree,3,89,4,1,Research Scientist,3,2585,21643,0,No,17,3,4,0,2,5,2,1,0,0,0
Travel_Rarely,1343,Research & Development,27,1,Medical,3,53,2,1,Research Scientist,1,2559,17852,1,No,11,3,4,0,6,3,2,6,5,1,1
Travel_Rarely,410,Sales,28,3,Marketing,4,39,2,3,Sales Executive,1,10854,16586,4,Yes,13,3,2,1,20,3,3,3,2,2,0
Travel_Rarely,885,Research & Development,16,4,Life Sciences,3,43,4,1,Laboratory Technician,1,2743,8269,1,No,16,3,3,0,18,1,3,17,13,15,14
Travel_Rarely,665,Research & Development,15,3,Life Sciences,3,60,3,1,Research Scientist,4,2340,22673,1,No,19,3,1,0,6,1,3,6,5,1,5
Travel_Rarely,1115,Research & Development,1,4,Life Sciences,1,51,2,2,Manufacturing Director,3,5993,2689,1,No,18,3,3,1,7,2,4,7,5,0,7
Non-Travel,1420,Human Resources,2,4,Human Resources,3,32,2,5,Manager,4,18844,21922,9,No,21,4,4,1,30,3,3,3,2,2,2
Travel_Rarely,810,Sales,8,2,Technical Degree,2,92,4,2,Sales Executive,3,6799,22128,1,No,21,4,3,2,10,5,3,10,8,4,8
Travel_Frequently,798,Research & Development,7,2,Life Sciences,3,48,2,3,Manufacturing Director,3,8943,14034,1,No,24,4,1,1,10,2,3,10,9,8,9
Travel_Rarely,763,Sales,15,2,Medical,1,59,1,2,Sales Executive,4,5440,22098,6,Yes,14,3,4,2,7,2,2,2,2,2,2
Travel_Rarely,1198,Research & Development,1,4,Other,3,100,2,1,Research Scientist,1,2799,3339,3,Yes,11,3,2,0,6,1,3,3,2,0,2
Travel_Rarely,635,Sales,1,1,Life Sciences,2,99,3,2,Sales Executive,3,4907,24532,1,No,25,4,3,0,20,3,3,20,16,11,6
Travel_Frequently,1200,Research & Development,22,3,Life Sciences,4,75,3,2,Research Scientist,4,5467,13953,3,Yes,14,3,1,2,12,4,2,6,2,3,3
Non-Travel,894,Research & Development,1,4,Medical,4,33,2,2,Manufacturing Director,3,4374,15411,0,No,15,3,3,0,4,6,3,3,2,1,2
Travel_Rarely,1318,Sales,26,4,Marketing,1,66,3,4,Manager,3,16307,5594,2,No,14,3,3,1,29,2,2,20,6,4,17
Travel_Rarely,821,Research & Development,5,2,Medical,1,86,3,5,Research Director,1,19406,8509,4,No,11,3,3,1,24,4,2,4,2,1,2
Travel_Rarely,470,Research & Development,20,4,Medical,3,96,3,2,Manufacturing Director,1,6567,5549,1,No,14,3,3,0,16,2,2,15,11,5,11
Travel_Rarely,622,Research & Development,2,4,Life Sciences,3,81,3,2,Healthcare Representative,4,4089,5718,1,No,13,3,2,2,10,4,3,10,2,2,2
Travel_Rarely,1308,Research & Development,14,3,Medical,3,44,2,5,Research Director,3,19626,17544,1,No,14,3,1,0,21,2,4,20,7,4,9
Travel_Rarely,1059,Research & Development,9,2,Other,4,93,2,5,Manager,4,19613,26362,8,No,22,4,4,0,24,2,3,1,0,0,1
Travel_Frequently,541,Sales,3,4,Medical,1,48,2,3,Sales Executive,4,9699,7246,4,No,11,3,1,1,16,2,3,13,9,1,12
Travel_Frequently,591,Research & Development,2,3,Medical,4,87,3,1,Research Scientist,4,2580,6297,2,No,13,3,3,0,6,0,2,4,2,1,2
Travel_Rarely,855,Research & Development,4,3,Life Sciences,4,54,3,3,Manufacturing Director,4,7898,18706,1,No,11,3,3,0,11,2,3,10,9,0,8
Non-Travel,1144,Research & Development,7,4,Medical,3,30,3,2,Manufacturing Director,3,5258,16044,2,No,14,3,3,0,7,2,4,1,0,0,0
Travel_Rarely,119,Sales,15,4,Marketing,2,77,3,4,Sales Executive,1,13341,25098,0,No,12,3,1,0,21,3,3,20,8,11,10
Travel_Rarely,271,Research & Development,3,2,Medical,3,43,2,2,Laboratory Technician,1,4789,23070,4,No,25,4,1,1,10,3,3,3,2,1,2
Travel_Rarely,1232,Research & Development,7,4,Medical,3,39,3,3,Manufacturing Director,4,7143,25713,1,Yes,14,3,3,0,11,2,2,11,9,4,10
Non-Travel,267,Sales,10,2,Life Sciences,4,56,3,2,Sales Executive,4,6230,13430,7,No,14,3,4,0,16,3,3,14,3,1,10
Travel_Rarely,964,Sales,1,2,Life Sciences,1,34,1,2,Sales Executive,2,6735,12147,6,No,15,3,2,0,10,2,3,0,0,0,0
Travel_Frequently,806,Research & Development,1,4,Life Sciences,2,76,1,1,Research Scientist,4,2720,18959,1,No,18,3,4,1,10,5,3,10,7,2,8
Travel_Frequently,1480,Research & Development,3,2,Medical,4,30,3,1,Laboratory Technician,2,2088,15062,4,No,12,3,3,0,13,3,2,8,7,7,2
Travel_Rarely,1125,Sales,10,3,Marketing,3,94,2,3,Sales Executive,4,9071,11563,2,Yes,19,3,3,1,15,3,3,3,2,1,2
Travel_Rarely,1089,Sales,1,2,Technical Degree,2,66,3,3,Manager,4,11904,11038,3,Yes,14,3,3,1,14,1,1,6,4,0,4
Travel_Rarely,1184,Sales,11,3,Marketing,3,43,3,3,Sales Executive,4,7654,5860,1,No,18,3,1,2,9,3,4,9,8,7,7
Travel_Rarely,350,Human Resources,13,3,Human Resources,1,56,2,1,Human Resources,1,2335,3157,4,Yes,15,3,4,3,4,3,3,2,2,2,0
Travel_Frequently,534,Research & Development,20,3,Life Sciences,1,66,3,3,Healthcare Representative,3,9824,22908,3,No,12,3,1,0,12,2,3,1,0,0,0
Travel_Frequently,430,Research & Development,24,4,Life Sciences,1,80,3,2,Laboratory Technician,4,5309,21146,1,No,15,3,4,2,10,2,3,10,8,4,7
Travel_Frequently,1242,Sales,20,3,Life Sciences,4,90,3,2,Sales Executive,3,9981,12916,1,No,14,3,4,0,7,2,3,7,7,0,7
Travel_Rarely,741,Research & Development,2,4,Life Sciences,2,69,3,1,Laboratory Technician,3,3477,18103,1,No,14,3,4,1,6,2,4,5,2,0,3
Travel_Rarely,431,Research & Development,7,4,Medical,4,68,3,2,Research Scientist,4,6854,15696,4,No,15,3,2,1,14,2,2,7,1,1,7
Travel_Frequently,1189,Research & Development,1,3,Life Sciences,4,90,3,2,Research Scientist,4,4735,9867,7,No,15,3,4,2,19,4,4,13,11,2,9
